id,titulo,autores,año,fecha,serie,numero,idioma,cita_sugerida,Link,Original
166,The Use Of Generative Ai In Advertising: Towards A Flexible And Risk-Based Approach,Joan Barata Mir,2026,2026-03-25,Artículo de investigación,72,ENG,"Joan Barata Mir, “The Use Of Generative Ai In Advertising: Towards A Flexible And Risk-Based Approach”, Artículo de investigación No. 72 (ENG), Centro de Estudios en Libertad de Expresión (CELE), Buenos Aires (2026)",,
165,"Contribución del Centro de Estudios en Libertad de Expresión a la Consulta - Impacto de la Inteligencia Artificial en los Derechos Humanos en las Américas de la RELE/CIDH
",CELE,2026,2026-03-02,Documento de posición,40,ESP,"CELE, “Contribución del Centro de Estudios en Libertad de Expresión a la Consulta - Impacto de la Inteligencia Artificial en los Derechos Humanos en las Américas de la RELE/CIDH
”, Documento de posición No. 40 (ESP), Centro de Estudios en Libertad de Expresión (CELE), Buenos Aires (2026)",,
164,Ruling by bullying: Threats of regulation as an internet governance device,Ramiro Álvarez Ugarte,2026,2026-02,Trabajos publicados,,,"Álvarez Ugarte, R., «Ruling by bullying: Threats of regulation as an internet governance device», Internet Policy Review, vol. 15, n.º 1, 2026, págs. 1-28.",https://policyreview.info/articles/analysis/threats-of-regulation,
163,"Data access for researchers within digital platforms: Unpacking the human rights implications, practical opportunities and challenges for the Global Majority",Agustina Del Campo,2026,,Trabajos publicados,,,"Del Campo, A., «Data access for researchers within digital platforms: Unpacking the human rights implications, practical opportunities and challenges for the Global Majority», Global Partners Digital, London, UK, 2026, Disponible en https://www.gp-digital.org/publication/data-access-for-researchers-within-digital-platforms-unpacking-the-human-rights-implications-practical-opportunities-and-challenges-for-the-global-majority/.",https://www.gp-digital.org/publication/data-access-for-researchers-within-digital-platforms-unpacking-the-human-rights-implications-practical-opportunities-and-challenges-for-the-global-majority/,
162,Amicus Curiae en la revisión de acción de tutela instaurada por César Augusto Lorduy Maldonado en contra de la red social X y otros.,CELE,2026,2026-02-13,Documento de posición,39,ESP,"CELE, “Amicus Curiae en la revisión de acción de tutela instaurada por César Augusto Lorduy Maldonado en contra de la red social X y otros.”, Documento de posición No. 39 (ESP), Centro de Estudios en Libertad de Expresión (CELE), Buenos Aires (2026)",,
161,"Amicus Curiae en el proceso CFP 002644/2025/1 Incidente Nº 1 — DENUNCIANTE: MILEI, JAVIER DENUNCIADO: MENGOLINI, JULIA s/INCIDENTE DE FALTA DE ACCION
",CELE,2026,2026-02-12,Documento de posición,38,ESP,"CELE, “Amicus Curiae en el proceso CFP 002644/2025/1 Incidente Nº 1 — DENUNCIANTE: MILEI, JAVIER DENUNCIADO: MENGOLINI, JULIA s/INCIDENTE DE FALTA DE ACCION
”, Documento de posición No. 38 (ESP), Centro de Estudios en Libertad de Expresión (CELE), Buenos Aires (2026)",,
160,"Open Source Intelligence (OSINT) and Human Rights in Latin America: A Comparative Study in Argentina, Brazil, Colombia, Mexico, and Uruguay
",Nicolas Zara,2023,2023-09,Artículo de investigación,57b,ENG,"Nicolas Zara, “Open Source Intelligence (OSINT) and Human Rights in Latin America: A Comparative Study in Argentina, Brazil, Colombia, Mexico, and Uruguay
”, Artículo de investigación No. 57b (ENG), Centro de Estudios en Libertad de Expresión (CELE), Buenos Aires (2023)",https://www.palermo.edu/Archivos_content/2023/cele/papers/233008-reporte-regional-OSINT.pdf,
159,"El discurso de odio como modo de censura. Sobre el ""caso Biasi"" en la Argentina","Agustina Del Campo, Ramiro Álvarez Ugarte, Matías González Mama, Francesca Chocano Villanueva, y Nicolás Zara",2026,2026-01,Documento de posición,37,,"Agustina Del Campo, Ramiro Álvarez Ugarte, Matías González Mama, Francesca Chocano Villanueva, y Nicolás Zara, “El discurso de odio como modo de censura. Sobre el ""caso Biasi"" en la Argentina”, Documento de posición No. 37, Centro de Estudios en Libertad de Expresión (CELE), Buenos Aires (2026)",,
158,"Amicus curiae en el juicio para la protección de los derechos político-electorales del ciudadano promovido por R3D ante el Tribunal Electoral del Poder Judicial de la Federación de México
",CELE,2025,2025-12-11,Documento de posición,36,ESP,"CELE, “Amicus curiae en el juicio para la protección de los derechos político-electorales del ciudadano promovido por R3D ante el Tribunal Electoral del Poder Judicial de la Federación de México
”, Documento de posición No. 36 (ESP), Centro de Estudios en Libertad de Expresión (CELE), Buenos Aires (2025)",,
157,Observaciones del CELE a la Solicitud de Opinión Consultiva sobre Democracia y su protección ante el Sistema Interamericano de Derechos Humanos presentada por Guatemala ante la Corte Interamericana de Derechos Humanos,CELE,2025,2025-11-17,Documento de posición,35,ESP,"CELE, “Observaciones del CELE a la Solicitud de Opinión Consultiva sobre Democracia y su protección ante el Sistema Interamericano de Derechos Humanos presentada por Guatemala ante la Corte Interamericana de Derechos Humanos”, Documento de posición No. 35 (ESP), Centro de Estudios en Libertad de Expresión (CELE), Buenos Aires (2025)",,
156,Tribunal Europeo de Derechos Humanos: Caso de Google LLC y otros contra Rusia,CELE,2025,2025-11-05,Informe de jurisprudencia,5,ESP,"CELE, “Tribunal Europeo de Derechos Humanos: Caso de Google LLC y otros contra Rusia”, Informe de jurisprudencia No. 5 (ESP), Centro de Estudios en Libertad de Expresión (CELE), Buenos Aires (2025)",,
155,"Bad cover versions of law: on the inherent limits of voluntary human rights obligations, as applied to internet companies doing content moderation",Ramiro Álvarez Ugarte,2025,2025-10-26,Trabajos publicados,,,"Ramiro Álvarez Ugarte, “Bad cover versions of law: on the inherent limits of voluntary human rights obligations, as applied to internet companies doing content moderation”, Transnational Legal Theory, doi: https://doi.org/10.1080/20414005.2025.2576430. ",,
154,CELE’s input on recurrent and prominent systemic risks in the EU and on measures for their mitigation,Nicolás Zara,2025,2025-04,Documento de posición,34,ENG,"Nicolás Zara, “CELE’s input on recurrent and prominent systemic risks in the EU and on measures for their mitigation”, Documento de posición No. 34 (ENG), Centro de Estudios en Libertad de Expresión (CELE), Buenos Aires (2025)",,
153,Tecnologías emergentes y derechos humanos bajo la perspectiva del marco jurídico interamericano,Agustina Del Campo,2025,2025-06-01,Artículo de investigación,71,ESP,"Agustina Del Campo, “Tecnologías emergentes y derechos humanos bajo la perspectiva del marco jurídico interamericano”, Artículo de investigación No. 71 (ESP), Centro de Estudios en Libertad de Expresión (CELE), Buenos Aires (2025)",,
152,"Aportación Conjunta de Organizaciones de la Sociedad Civil y Academia sobre la X Cumbre de las Américas: ""Construyendo un Hemisferio Seguro, Sostenible y de Prosperidad Compartida""","Article 19, CELE, Derechos Digitales, et al. ",2025,2025-08-30,Documento de posición,33,ESP,"Article 19, CELE, Derechos Digitales, et al. , “Aportación Conjunta de Organizaciones de la Sociedad Civil y Academia sobre la X Cumbre de las Américas: ""Construyendo un Hemisferio Seguro, Sostenible y de Prosperidad Compartida""”, Documento de posición No. 33 (ESP), Centro de Estudios en Libertad de Expresión (CELE), Buenos Aires (2025)",,
151,"Legal Approaches to Hate Speech Within the Internet Ecosystem: Speed, Scope, and Scale",Joan Barata,2025,2025-09-01,Artículo de investigación,70,ENG,"Joan Barata, “Legal Approaches to Hate Speech Within the Internet Ecosystem: Speed, Scope, and Scale”, Artículo de investigación No. 70 (ENG), Centro de Estudios en Libertad de Expresión (CELE), Buenos Aires (2025)",,
150,Moderating Hate or Moderating Rights? The Paradox of the European Approach to Online Hate Speech and Platform Liability,Natalie Alkiviadou,2025,2025-08-15,Artículo de investigación,69,ENG,"Natalie Alkiviadou, “Moderating Hate or Moderating Rights? The Paradox of the European Approach to Online Hate Speech and Platform Liability”, Artículo de investigación No. 69 (ENG), Centro de Estudios en Libertad de Expresión (CELE), Buenos Aires (2025)",,
149,CELE submission to the Committee of Ministers’ public consultation on the draft recommendation on online safety and empowerment of content creators and users,Nicolás Zara,2025,2025-08-07,Documento de posición,32,ENG,"Nicolás Zara, “CELE submission to the Committee of Ministers’ public consultation on the draft recommendation on online safety and empowerment of content creators and users”, Documento de posición No. 32 (ENG), Centro de Estudios en Libertad de Expresión (CELE), Buenos Aires (2025)",,
148,CELE submission to the Committee of Ministers’ public consultation on the Draft Guidance Note on the Implications of Generative Artificial Intelligence for Freedom of Expression,Vladimir Garay y Matías González Mama,2025,2025-08-12,Documento de posición,31,ENG,"Agustina del Campo y Ramiro Álvarez Ugarte, “Trust and Safety's Blindspots: A Latin American Perspective”, Artículo de investigación No. 68 (ENG), Centro de Estudios en Libertad de Expresión (CELE), Buenos Aires. En Maia Levy Daniel, Amanda Menking, Marlyn Thomas Savio, & Jean Claffey, Trust, Safety, and the Internet We Share: Multistakeholder Insights, Taylor and Francis (fin de 2025)""",,
147,Public Consultation on Freedom of Expression and Artificial Intelligence,"Vladimir Garay. Matías González Mama, Nicolás Zara, Agustina Del Campo",2025,2025-07-28,Documento de posición,30,ENG,"Vladimir Garay. Matías González Mama, Nicolás Zara, Agustina Del Campo, “Public Consultation on Freedom of Expression and Artificial Intelligence”, Documento de posición No. 30 (ENG), Centro de Estudios en Libertad de Expresión (CELE), Buenos Aires (2025)",,
146,CELE submission to the Office of the Special Rapporteur for Freedom of Opinion and Expression,"Agustina Del Campo, Vladimir Garay, Nicolás Zara",2025,2025-07-21,Documento de posición,29,ENG,"Agustina del Campo y Ramiro Álvarez Ugarte, “Trust and Safety's Blindspots: A Latin American Perspective”, Artículo de investigación No. 68 (ENG), Centro de Estudios en Libertad de Expresión (CELE), Buenos Aires. En Maia Levy Daniel, Amanda Menking, Marlyn Thomas Savio, & Jean Claffey, Trust, Safety, and the Internet We Share: Multistakeholder Insights, Taylor and Francis (fin de 2025)""",,
145,Concepto solicitado por la Corte Constitucional - Acción de tutela presentada por Daniela contra Marcos.,"CELE, FLIP, el Veinte y Fundacion Karisma",2025,2025-07-01,Documento de posición,28,ESP,"CELE, FLIP, el Veinte y Fundacion Karisma, “Concepto solicitado por la Corte Constitucional - Acción de tutela presentada por Daniela contra Marcos.”, Documento de posición No. 28 (ESP), Centro de Estudios en Libertad de Expresión (CELE), Buenos Aires (2025)",,
144,Trust and Safety's Blindspots: A Latin American Perspective,Agustina del Campo y Ramiro Álvarez Ugarte,2025,2025-07-01,Artículo de investigación,68,ENG,"Agustina del Campo y Ramiro Álvarez Ugarte, “Trust and Safety's Blindspots: A Latin American Perspective”, Artículo de investigación No. 68 (ENG), Centro de Estudios en Libertad de Expresión (CELE), Buenos Aires. En Maia Levy Daniel, Amanda Menking, Marlyn Thomas Savio, & Jean Claffey, Trust, Safety, and the Internet We Share: Multistakeholder Insights, Taylor and Francis (fin de 2025)""",,
143,Colombia. Sentencia T-149 de 2025: Violencia de género digital política y libertad de expresión,Lina Palacios,2025,2025-06-23,Informe de jurisprudencia,4,ESP,"Lina Palacios, “Colombia. Sentencia T-149 de 2025: Violencia de género digital política y libertad de expresión”, Informe de jurisprudencia No. 4 (ESP), Centro de Estudios en Libertad de Expresión (CELE), Buenos Aires (2025)",https://www.palermo.edu/Archivos_content/2025/cele/junio/06_2025_DP28.pdf,
142,México. Amparo en revisión 767/2023 y principio de no responsabilidad de intermediarios,Matías González Mama y Francesca Chocano,2025,2025-04-01,Informe de jurisprudencia,3,ESP,"Matías González Mama y Francesca Chocano, “México. Amparo en revisión 767/2023 y principio de no responsabilidad de intermediarios”, Informe de jurisprudencia No. 3 (ESP), Centro de Estudios en Libertad de Expresión (CELE), Buenos Aires (2025)",https://observatoriolegislativocele.com/wp-content/uploads/informe-jurisprudencia-mexico-3.pdf,
141,"Brasil - Análisis de la Constitucionalidad del
Artículo 19 del Marco Civil de Internet",Matías González Mama y Francesca Chocano,2025,2025-04-01,Informe de jurisprudencia,2,ESP,"Matías González Mama y Francesca Chocano, “Brasil - Análisis de la Constitucionalidad del
Artículo 19 del Marco Civil de Internet”, Informe de jurisprudencia No. 2 (ESP), Centro de Estudios en Libertad de Expresión (CELE), Buenos Aires (2025)",https://observatoriolegislativocele.com/wp-content/uploads/Informe-jurisprudencia-brasil-n%C2%B02.pdf,
140,El Nuevo Proyecto de Ley Orgánica de Libertad de Expresión y Medios Audiovisuales,CELE,2025,2025-06-05,Informe legislativo,15,ESP,"CELE, “El Nuevo Proyecto de Ley Orgánica de Libertad de Expresión y Medios Audiovisuales”, Informe legislativo No. 15 (ESP), Centro de Estudios en Libertad de Expresión (CELE), Buenos Aires (2025)",https://observatoriolegislativocele.com/wp-content/uploads/Informe-legislativo-15-RD.pdf,
139,Contribution to the preparation of the report on the challenges and risks regarding discrimination and the unequal enjoyment of the right to privacy associated with the collection and processing of data,CELE,2025,2025-05-28,Documento de posición,27,ENG,"CELE, “Contribution to the preparation of the report on the challenges and risks regarding discrimination and the unequal enjoyment of the right to privacy associated with the collection and processing of data”, Documento de posición No. 27 (ENG), Centro de Estudios en Libertad de Expresión (CELE), Buenos Aires (2025)",,
138,Submission in response to the Call for Evidence in connection with the development of the European Democracy Shield,CELE,2025,2025-05-25,Documento de posición,26,ENG,"CELE, “Submission in response to the Call for Evidence in connection with the development of the European Democracy Shield”, Documento de posición No. 26 (ENG), Centro de Estudios en Libertad de Expresión (CELE), Buenos Aires (2025)",,
137,"Gobernanza global de la IA: ¿quién regula, con qué enfoque y para quién?","Matías González Mama, Agustín Pérez Aledda, y Lina Palacios",2025,2025-06-01,Artículo de investigación,67,ESP,"Matías González Mama, Agustín Pérez Aledda, y Lina Palacios, “Gobernanza global de la IA: ¿quién regula, con qué enfoque y para quién?”, Artículo de investigación No. 67 (ESP), Centro de Estudios en Libertad de Expresión (CELE), Buenos Aires (2025)",,
136,Reclaiming Human Rights for Platform Governance: Proposals for Restoring Their Centrality in the Era of Risks,"Agustina Del Campo, Nicolás Zara, y Ramiro Álvarez Ugarte",2025,2025-05-20,Artículo de investigación,66,ENG,"Agustina Del Campo, Nicolás Zara, y Ramiro Álvarez Ugarte, “Reclaiming Human Rights for Platform Governance: Proposals for Restoring Their Centrality in the Era of Risks”, Artículo de investigación No. 66 (ENG), Centro de Estudios en Libertad de Expresión (CELE), Buenos Aires (2025)",,
135,Regulatory Modeling. Tracking the Influence of the Digital Services Act in Latin America,Matías González Mama y Ramiro Álvarez Ugarte,2025,2025-03-20,Artículo de investigación,63,ENG,"Matías González Mama y Ramiro Álvarez Ugarte, “Regulatory Modeling. Tracking the Influence of the Digital Services Act in Latin America”, Artículo de investigación No. 63 (ENG), Centro de Estudios en Libertad de Expresión (CELE), Buenos Aires (2025)",,
134,Driving Digital Constitutionalism One Case At a Time. The Role of Judges in Latin America,Agustina Del Campo,2025,2025-04-01,Artículo de investigación,65,ENG,"Agustina Del Campo, “Driving Digital Constitutionalism One Case At a Time. The Role of Judges in Latin America”, Artículo de investigación No. 65 (ENG), Centro de Estudios en Libertad de Expresión (CELE), Buenos Aires (2025)",,
133,"Comentarios al proyecto de Ley Modelo Interamericana para prevenir, sancionar y erradicar la violencia digital contra las mujeres por razones de género",CELE,2025,2025-04-08,Documento de posición,25,ESP,"CELE, “Comentarios al proyecto de Ley Modelo Interamericana para prevenir, sancionar y erradicar la violencia digital contra las mujeres por razones de género”, Documento de posición No. 25 (ESP), Centro de Estudios en Libertad de Expresión (CELE), Buenos Aires (2025)",https://www.palermo.edu/Archivos_content/2025/cele/abril/2025_04_08_CELE_MESECVI.pdf,
132,Ficha Legislativa sobre PL Colombia que regula acceso a menores de edad a redes sociales,CELE,2025,2025-03-05,Informe legislativo,14,,"CELE, “Ficha Legislativa sobre PL Colombia que regula acceso a menores de edad a redes sociales”, Informe legislativo No. 14, Centro de Estudios en Libertad de Expresión (CELE), Buenos Aires (2025)",https://observatoriolegislativocele.com/wp-content/uploads/Informe-legislativo-14-Colombia.pdf,
131,"Brasil - Proyecto de Ley 4691/2024 sobre la Protección de las Libertades Constitucionales y
Derechos Fundamentales en las plataformas, servicios y mercados digitales en Internet. ",Matías Gonzalez Mama y Francesca Chocano,2025,2025-03-10,Informe legislativo,13,,"Matías Gonzalez Mama y Francesca Chocano, “Brasil - Proyecto de Ley 4691/2024 sobre la Protección de las Libertades Constitucionales y
Derechos Fundamentales en las plataformas, servicios y mercados digitales en Internet. ”, Informe legislativo No. 13, Centro de Estudios en Libertad de Expresión (CELE), Buenos Aires (2025)",https://observatoriolegislativocele.com/wp-content/uploads/Informe-legislativo-13-Brasil.pdf,
,Antecedentes y debate sobre el proyecto de Ley de Medios recientemente aprobado en Uruguay,Matías Gonzalez Mama y Francesca Chocano,2024,2024-08,Informe legislativo,13,,"Matías Gonzalez Mama y Francesca Chocano, “Antecedentes y debate sobre el proyecto de Ley de Medios recientemente aprobado en Uruguay”, Informe legislativo No. 13, Centro de Estudios en Libertad de Expresión (CELE), Buenos Aires (2024)",https://observatoriolegislativocele.com/wp-content/uploads/ley-medios-uruguay-1-3.pdf,
,Chile - Proyecto de ley sobre “trastornos” de la información en línea,CELE,2024,2024-07,Informe legislativo,12,,"CELE, “Chile - Proyecto de ley sobre “trastornos” de la información en línea”, Informe legislativo No. 12, Centro de Estudios en Libertad de Expresión (CELE), Buenos Aires (2024)",https://observatoriolegislativocele.com/wp-content/uploads/240731-chile-proyecto-de-ley.pdf,
,"La penalización de actos de blasfemia en Dinamarca.",CELE,2023,2023-11,Informe legislativo,11,,"CELE, “La penalización de actos de blasfemia en Dinamarca.”, Informe legislativo No. 11, Centro de Estudios en Libertad de Expresión (CELE), Buenos Aires (2023)",https://observatoriolegislativocele.com/wp-content/uploads/Informe-legislativo-11_2023.pdf,
,Proyecto de ley contra la violencia de género en la vida política de la mujer.,Matías Gonzalez Mama y Lina Paola Velásquez Veloza,2023,2023-10,Informe legislativo,10,,"Matías Gonzalez Mama y Lina Paola Velásquez Veloza, “Proyecto de ley contra la violencia de género en la vida política de la mujer.”, Informe legislativo No. 10, Centro de Estudios en Libertad de Expresión (CELE), Buenos Aires (2023)",https://observatoriolegislativocele.com/wp-content/uploads/Informe-legislativo-10_2023.pdf,
130,¿Son los riesgos los nuevos derechos? Peligros de los enfoques basados en el riesgo para la regulación del discurso,"Agustina Del Campo, Nicolás Zara, y Ramiro Álvarez Ugarte",2025,2025-02-01,Artículo de investigación,64,ESP,"Agustina Del Campo, Nicolás Zara, y Ramiro Álvarez Ugarte, “¿Son los riesgos los nuevos derechos? Peligros de los enfoques basados en el riesgo para la regulación del discurso”, Artículo de investigación No. 64 (ESP), Centro de Estudios en Libertad de Expresión (CELE), Buenos Aires (2025)",,
129,Are Risks the New Rights? The Perils of Risk-based Approaches to Speech Regulation,"Agustina Del Campo, Nicolás Zara, y Ramiro Álvarez Ugarte",2025,2025-02-01,Artículo de investigación,64,ENG,"Agustina Del Campo, Nicolás Zara, y Ramiro Álvarez Ugarte, “Are Risks the New Rights? The Perils of Risk-based Approaches to Speech Regulation”, Artículo de investigación No. 64 (ENG), Centro de Estudios en Libertad de Expresión (CELE), Buenos Aires (2025)",https://papers.ssrn.com/sol3/papers.cfm?abstract_id=5161173,
128,,Agustina Del Campo,,2025-01-02,Trabajos publicados,,,"Agustina Del Campo, “”, Trabajos publicados No. , Centro de Estudios en Libertad de Expresión (CELE), Buenos Aires ()",,
127,Análisis de Jurisprudencia en casos recientes de libertad de expresión e Internet,CELE,2025,2025-02-01,Informe de jurisprudencia,1,,"CELE, “Análisis de Jurisprudencia en casos recientes de libertad de expresión e Internet”, Informe de jurisprudencia No. 1, Centro de Estudios en Libertad de Expresión (CELE), Buenos Aires (2025)",https://observatoriolegislativocele.com/wp-content/uploads/250122-jurisprudencia-casos-controvertidos.pdf,
126,Submission in response to OFCOM’s call for evidence regarding “Researchers’ access to information from regulated online services”,CELE,2025,2025-01-14,Documento de posición,24,,"CELE, “Submission in response to OFCOM’s call for evidence regarding “Researchers’ access to information from regulated online services””, Documento de posición No. 24, Centro de Estudios en Libertad de Expresión (CELE), Buenos Aires (2025)",https://www.palermo.edu/Archivos_content/2025/cele/enero/2025-01-14-DP24-CELE.pdf,
125,"Submission to the Thematic Report on ""Freedom of Expression and Elections in the Digital Age""",CELE,2025,2025-01-01,Documento de posición,23,,"CELE, “Submission to the Thematic Report on ""Freedom of Expression and Elections in the Digital Age""”, Documento de posición No. 23, Centro de Estudios en Libertad de Expresión (CELE), Buenos Aires (2025)",https://www.palermo.edu/Archivos_content/2025/cele/enero/2025_01_20_DP23_.pdf,
124,"""Here Are Some Thoughts I Have"". On Threats of Regulation as an Internet Governance Mechanism",Ramiro Álvarez Ugarte,2025,2025-01-01,Artículo de investigación,CANCEL,,"Ramiro Álvarez Ugarte, “""Here Are Some Thoughts I Have"". On Threats of Regulation as an Internet Governance Mechanism”, Artículo de investigación No. CANCEL, Centro de Estudios en Libertad de Expresión (CELE), Buenos Aires (2025)",,
123,Modelización regulatoria. Palpitando la influencia de la Digital Services Act en América Latina,Matías González Mama y Ramiro Álvarez Ugarte,2025,2025-01-01,Artículo de investigación,63,ESP,"Matías González Mama y Ramiro Álvarez Ugarte, “Modelización regulatoria. Palpitando la influencia de la Digital Services Act en América Latina”, Artículo de investigación No. 63 (ESP), Centro de Estudios en Libertad de Expresión (CELE), Buenos Aires (2025)",,
122,Submission in response to the Public Consultation on the draft delegated act on access to online platform data for vetted researchers under the Digital Services Act (DSA),CELE & Internetlab,2024,2024-10-12,Documento de posición,22,ENG,"CELE & Internetlab, “Submission in response to the Public Consultation on the draft delegated act on access to online platform data for vetted researchers under the Digital Services Act (DSA)”, Documento de posición No. 22 (ENG), Centro de Estudios en Libertad de Expresión (CELE), Buenos Aires (2024)",,
121,"Old Standards, New Challenges: Keys to Addressing Internet Disinformation in Inter-American Jurisprudence",Paula Roko,2024,2024-09-01,Artículo de investigación,63,ENG,"Paula Roko, “Old Standards, New Challenges: Keys to Addressing Internet Disinformation in Inter-American Jurisprudence”, Artículo de investigación No. 63 (ENG), Centro de Estudios en Libertad de Expresión (CELE), Buenos Aires (2024)",https://www.palermo.edu/Archivos_content/2024/cele/septiembre/2024_09_30_addressing_internet_disinformation_CELE.pdf,
120,Soluciones alternativas a la desinformación: Abordar las fuentes en lugar de la distribución,Agustina Del Campo,2024,2024-10-01,Artículo de investigación,62,ESP,"Agustina Del Campo, “Soluciones alternativas a la desinformación: Abordar las fuentes en lugar de la distribución”, Artículo de investigación No. 62 (ESP), Centro de Estudios en Libertad de Expresión (CELE), Buenos Aires (2024)",https://www.palermo.edu/Archivos_content/2024/cele/octubre/2024_11_11_desinformacion_CELE.pdf,
119,Submission in response to OFCOM'S Consultation on transparency guidance,CELE,2024,2024-10-01,Documento de posición,21,,"CELE, “Submission in response to OFCOM'S Consultation on transparency guidance”, Documento de posición No. 21, Centro de Estudios en Libertad de Expresión (CELE), Buenos Aires (2024)",https://www.palermo.edu/Archivos_content/2024/cele/octubre/2014_10_04_DP21_CELE.pdf,
118,Submission in response to the Call for Evidence for the development of guidelines for the protection of minors under Article 28 (4) of the DSA,CELE,2024,2024-09,Documento de posición,20,,"CELE, “Submission in response to the Call for Evidence for the development of guidelines for the protection of minors under Article 28 (4) of the DSA”, Documento de posición No. 20, Centro de Estudios en Libertad de Expresión (CELE), Buenos Aires (2024)",https://www.palermo.edu/Archivos_content/2024/cele/septiembre/2024_09_30_DP20_CELE.pdf,
117,Amicus curiae en la acción de tutela interpuesta por José Manuel Vega de la Cruz en contra de la Gobernación del Departamento de Cesar (Corte Constitucional de Colombia),CELE,2024,2024-08,Documento de posición,19,,"CELE, “Amicus curiae en la acción de tutela interpuesta por José Manuel Vega de la Cruz en contra de la Gobernación del Departamento de Cesar (Corte Constitucional de Colombia)”, Documento de posición No. 19, Centro de Estudios en Libertad de Expresión (CELE), Buenos Aires (2024)",https://www.palermo.edu/Archivos_content/2024/cele/agosto/amicus-colombia/2024_08_CELE_DP19.pdf,
116,"Amicus curiae en la causa ""Gisele Zuni Mousques c/Christian Chena Y Otros s/ violencia contra la mujer"" (Paraguay)","TEDIC, CELE, y Wikimedia Foundation",2024,2024-08,Documento de posición,18,,"TEDIC, CELE, y Wikimedia Foundation, “Amicus curiae en la causa ""Gisele Zuni Mousques c/Christian Chena Y Otros s/ violencia contra la mujer"" (Paraguay)”, Documento de posición No. 18, Centro de Estudios en Libertad de Expresión (CELE), Buenos Aires (2024)",https://www.palermo.edu/Archivos_content/2024/cele/agosto/amicus-paraguay/TEDIC_et_al_DP18.pdf,
115,Entre la garantía de inmunidad y la libertad de expresión: independencia judicial y límites al discurso de los jueces,Nicolas Zara y Agustina Del Campo,2024,2024-08,Trabajos publicados,61,,"Nicolas Zara y Agustina Del Campo, “Entre la garantía de inmunidad y la libertad de expresión: independencia judicial y límites al discurso de los jueces”, Trabajos publicados No. 61, Centro de Estudios en Libertad de Expresión (CELE), Buenos Aires (2024)",,"Diario La Ley del 6 de agosto de 2024 (Año LXXXVIII, no 136, Tomo La Ley 2024-D)"
114,A Latin American Perspective on Global Governance for Digital Platform Accountability. Access Now and CELE's Submission to the T20 process. ,"Agneris Sampietri, Ramiro Álvarez Ugarte, Matías González Mama",2024,2024-07,Documento de posición,17,ENG,"Agneris Sampietri, Ramiro Álvarez Ugarte, Matías González Mama, “A Latin American Perspective on Global Governance for Digital Platform Accountability. Access Now and CELE's Submission to the T20 process. ”, Documento de posición No. 17 (ENG), Centro de Estudios en Libertad de Expresión (CELE), Buenos Aires (2024)",https://www.palermo.edu/Archivos_content/2024/cele/agosto/t-20/TF05_ST_06__A_Latin_American_P66d7097f98d4f.pdf,
113,A propósito de la metáfora de las redes sociales como foro público en los Estados Unidos,Matías González Mama,2024,2024-07,Artículo de investigación,60,ESP,"Matías González Mama, “A propósito de la metáfora de las redes sociales como foro público en los Estados Unidos”, Artículo de investigación No. 60 (ESP), Centro de Estudios en Libertad de Expresión (CELE), Buenos Aires (2024)",https://www.palermo.edu/Archivos_content/2024/cele/julio/paper-foro-publico/240710-a-proposito-metafora-de-rrss.pdf,
112,Submission on European Commission Consultation on the draft Digital Services Act (DSA) guidelines on the integrity of electoral processes,CELE,2024,2024-03-07,Documento de posición,16,,"CELE, “Submission on European Commission Consultation on the draft Digital Services Act (DSA) guidelines on the integrity of electoral processes”, Documento de posición No. 16, Centro de Estudios en Libertad de Expresión (CELE), Buenos Aires (2024)",https://www.palermo.edu/Archivos_content/2024/cele/marzo/2024_03_07_DP16.pdf,
111,Submission on OFCOM’s Consultation: Protecting people from illegal harms online,CELE,2024,2024-02,Documento de posición,15,,"CELE, “Submission on OFCOM’s Consultation: Protecting people from illegal harms online”, Documento de posición No. 15, Centro de Estudios en Libertad de Expresión (CELE), Buenos Aires (2024)",,
110,Submission on the Draft Delegated Act on Transparency Reports (detailed rules and templates) under the DSA,CELE,2024,2024-01-01,Documento de posición,14,,"CELE, “Submission on the Draft Delegated Act on Transparency Reports (detailed rules and templates) under the DSA”, Documento de posición No. 14, Centro de Estudios en Libertad de Expresión (CELE), Buenos Aires (2024)",https://www.palermo.edu/Archivos_content/2024/cele/paper-dsa/dsa.pdf,
109,Amicus curiae Ulrich Richter Morales y Claudia Ramírez Tavera vs. Google Inc. y Google México,CELE,2024,2024-05-09,Documento de posición,13,,"CELE, “Amicus curiae Ulrich Richter Morales y Claudia Ramírez Tavera vs. Google Inc. y Google México”, Documento de posición No. 13, Centro de Estudios en Libertad de Expresión (CELE), Buenos Aires (2024)",https://www.palermo.edu/Archivos_content/2024/cele/mayo/2024_05_09_DP13_CELE.pdf,
108,Violencia de género en línea y libertad de expresión. Estudio de seis casos en Paraguay,Maricarmen Serquera ,2024,2024-04-16,Artículo de investigación,59,,"Maricarmen Serquera , “Violencia de género en línea y libertad de expresión. Estudio de seis casos en Paraguay”, Artículo de investigación No. 59, Centro de Estudios en Libertad de Expresión (CELE), Buenos Aires (2024)",https://www.palermo.edu/Archivos_content/2024/cele/abril/paper-tedic/violencia-genero-libertad-expresion%20(2).pdf,
107,"Las prácticas OSINT, ¿son amigas o enemigas de los derechos humanos?",Eduardo Bertoni,2023,2023-11,Artículo de investigación,58,,"Eduardo Bertoni, “Las prácticas OSINT, ¿son amigas o enemigas de los derechos humanos?”, Artículo de investigación No. 58, Centro de Estudios en Libertad de Expresión (CELE), Buenos Aires (2023)",https://www.palermo.edu/Archivos_content/2023/cele/papers/231115-Bertoni-reporte-inicial-OSINT.pdf,
106,Amicus curiae Colombia (violencia política),CELE,2023,2023-11,Documento de posición,12,,"CELE, “Amicus curiae Colombia (violencia política)”, Documento de posición No. 12, Centro de Estudios en Libertad de Expresión (CELE), Buenos Aires (2023)",https://www.palermo.edu/Archivos_content/2023/cele/papers/Amicus_Colombia.pdf,
105,CELE's Submission for the Call for Papers on Global AI Governance of the Office of the UN Secretary General's Envoy on Technology,CELE,2023,2023-09,Documento de posición,11,,"CELE, “CELE's Submission for the Call for Papers on Global AI Governance of the Office of the UN Secretary General's Envoy on Technology”, Documento de posición No. 11, Centro de Estudios en Libertad de Expresión (CELE), Buenos Aires (2023)",,
104.5,"The Place and Challenges of Human Rights Impact Assessments in Latin American Internet Regulatory Futures, ",Ramiro Álvarez Ugarte,2023,2023,Trabajos publicados,,ENG,"Ramiro Álvarez Ugarte, “The Place and Challenges of Human Rights Impact Assessments in Latin American Internet Regulatory Futures, ”, Trabajos publicados No.  (ENG), Centro de Estudios en Libertad de Expresión (CELE), Buenos Aires (2023)",https://intellectdiscover.com/content/journals/10.1386/jdmp_00120_1?fmt=rss,
104,"Inteligencia basada en fuentes abiertas (OSINT) y derechos humanos en Latinoamérica: un estudio comparativo en Argentina, Brasil, Colombia, México y Uruguay",Nicolas Zara,2023,2023-09,Artículo de investigación,57b,,"Nicolas Zara, “Inteligencia basada en fuentes abiertas (OSINT) y derechos humanos en Latinoamérica: un estudio comparativo en Argentina, Brasil, Colombia, México y Uruguay”, Artículo de investigación No. 57b, Centro de Estudios en Libertad de Expresión (CELE), Buenos Aires (2023)",https://www.palermo.edu/Archivos_content/2023/cele/papers/233008-reporte-regional-OSINT.pdf,
103.1,CELE's Submission on Glossary of Trust & Safety Terms,CELE,2023,2023-05,Documento de posición,10,,"CELE, “CELE's Submission on Glossary of Trust & Safety Terms”, Documento de posición No. 10, Centro de Estudios en Libertad de Expresión (CELE), Buenos Aires (2023)",https://www.palermo.edu/Archivos_content/2023/cele/papers/CELE_submission_Glossary.pdf,
103,Amicus curiae Colombia (pena de prisión),CELE,2023,2023-05,Documento de posición,10,,"CELE, “Amicus curiae Colombia (pena de prisión)”, Documento de posición No. 10, Centro de Estudios en Libertad de Expresión (CELE), Buenos Aires (2023)",https://www.palermo.edu/Archivos_content/2023/cele/papers/Amicus-CELE.pdf,
,"Nuevas discusiones sobre el proyecto de ley de noticias falsas en Brasil.",Matías Gonzalez Mama y Lina Paola Velásquez Veloza,2023,2023-9,Informe legislativo,9,,"Matías Gonzalez Mama y Lina Paola Velásquez Veloza, “Nuevas discusiones sobre el proyecto de ley de noticias falsas en Brasil.”, Informe legislativo No. 9, Centro de Estudios en Libertad de Expresión (CELE), Buenos Aires (2023)",https://observatoriolegislativocele.com/wp-content/uploads/Informe-legislativo-9_2023.pdf,
102,"Iniciativas legislativas sobre privacidad y protección de datos en Argentina, Brasil, Chile, Colombia, Ecuador, México, Guatemala, Paraguay y Perú, período 2019-2021",Olga Lucía Camacho Gutiérrez y Lina Paola Velásquez Veloza,2023,2023-03,Informe legislativo,8,,"Olga Lucía Camacho Gutiérrez y Lina Paola Velásquez Veloza, “Iniciativas legislativas sobre privacidad y protección de datos en Argentina, Brasil, Chile, Colombia, Ecuador, México, Guatemala, Paraguay y Perú, período 2019-2021”, Informe legislativo No. 8, Centro de Estudios en Libertad de Expresión (CELE), Buenos Aires (2023)",https://www.palermo.edu/Archivos_content/2022/cele/papers/iniciativas-legislativas-sobre-privacidad.pdf,
,La nueva Ley de Mercados Digitales europea,Olga Lucía Camacho Gutiérrez,2022,2022-10,Informe legislativo,7,,"Olga Lucía Camacho Gutiérrez, “La nueva Ley de Mercados Digitales europea”, Informe legislativo No. 7, Centro de Estudios en Libertad de Expresión (CELE), Buenos Aires (2022)",https://observatoriolegislativocele.com/wp-content/uploads/Reporte-3-La-nueva-Ley-de-Mercados-Digitales-europea.docx.pdf,
,La nueva Ley de Servicios Digitales europea,Olga Lucía Camacho Gutiérrez,2022,2022-10,Informe legislativo,6,,"Olga Lucía Camacho Gutiérrez, “La nueva Ley de Servicios Digitales europea”, Informe legislativo No. 6, Centro de Estudios en Libertad de Expresión (CELE), Buenos Aires (2022)",https://observatoriolegislativocele.com/wp-content/uploads/Reporte-2-La-nueva-Ley-de-Servicios-Digitales-europea.docx.pdf,
,Nueva actualización de la Ley de Protección de Datos Personales,Matías Gonzalez Mama y Lina Paola Velásquez Veloza,2022,2022-10,Informe legislativo,5,,"Matías Gonzalez Mama y Lina Paola Velásquez Veloza, “Nueva actualización de la Ley de Protección de Datos Personales”, Informe legislativo No. 5, Centro de Estudios en Libertad de Expresión (CELE), Buenos Aires (2022)",https://observatoriolegislativocele.com/wp-content/uploads/Reporte-8_-Argentina-Proyecto-de-Ley-de-Proteccion-de-Datos-Personales.pdf,
,Ley de Florida (SB 7072) sobre moderación de contenidos en las redes sociales,Lina Paola Velásquez Veloza,2022,2022-08,Informe legislativo,4,,"Lina Paola Velásquez Veloza, “Ley de Florida (SB 7072) sobre moderación de contenidos en las redes sociales”, Informe legislativo No. 4, Centro de Estudios en Libertad de Expresión (CELE), Buenos Aires (2022)",https://observatoriolegislativocele.com/wp-content/uploads/Reporte-5_-Estados-Unidos-Ley-de-Florida-SB-7072-sobre-moderacion-de-contenidos-en-las-redes-sociales.pdf,
,Proyecto de ley de “seguridad en línea” de Reino Unido,Olga Lucía Camacho Gutiérrez,2022,2022-08,Informe legislativo,3,,"Olga Lucía Camacho Gutiérrez, “Proyecto de ley de “seguridad en línea” de Reino Unido”, Informe legislativo No. 3, Centro de Estudios en Libertad de Expresión (CELE), Buenos Aires (2022)",https://observatoriolegislativocele.com/wp-content/uploads/Reporte-7_-Reino-Unido-Proyecto-de-ley-de-seguridad-en-linea.pdf,
,Aprobación en ciernes de la ley canadiense Online Streaming Act,Olga Lucía Camacho Gutiérrez,2022,2022-07,Informe legislativo,2,,"Olga Lucía Camacho Gutiérrez, “Aprobación en ciernes de la ley canadiense Online Streaming Act”, Informe legislativo No. 2, Centro de Estudios en Libertad de Expresión (CELE), Buenos Aires (2022)",https://observatoriolegislativocele.com/wp-content/uploads/Reporte-4_-Canada-Online-Streaming-Act.pdf,
,Reporte final de la Comisión de Derecho del Reino Unido Leyes sobre crímenes de odio,Matías González Mama,2022,2022-05,Informe legislativo,1,,"Matías González Mama, “Reporte final de la Comisión de Derecho del Reino Unido Leyes sobre crímenes de odio”, Informe legislativo No. 1, Centro de Estudios en Libertad de Expresión (CELE), Buenos Aires (2022)",https://observatoriolegislativocele.com/wp-content/uploads/Reporte-1_-Reino-Unido-Recomendaciones-sobre-Leyes-sobre-crimenes-de-odio.pdf,
,Inteligencia basada en fuentes abiertas (OSINT) en Argentina: un diagnóstico sobre su utilización por parte del Estado,Morena Schatzky y Nicolás Zara,2023,2023-06,Artículo de investigación,57a,ESP,"Morena Schatzky y Nicolás Zara, “Inteligencia basada en fuentes abiertas (OSINT) en Argentina: un diagnóstico sobre su utilización por parte del Estado”, Artículo de investigación No. 57a (ESP), Centro de Estudios en Libertad de Expresión (CELE), Buenos Aires (2023)",https://www.palermo.edu/Archivos_content/2023/cele/papers/230621-reporte-OSINT.pdf,
101,Requiring the local presence of ICT companies: an international human rights law and international economic law perspective,Matías González y Belén Portugal,2023,2023-03,Artículo de investigación,55,ENG,"Matías González y Belén Portugal, “Requiring the local presence of ICT companies: an international human rights law and international economic law perspective”, Artículo de investigación No. 55 (ENG), Centro de Estudios en Libertad de Expresión (CELE), Buenos Aires (2023)",https://www.palermo.edu/Archivos_content/2023/cele/papers/Requiring-the-local-presence-of-ICT.pdf,
100,Redes de influencia: Análisis de la jurisprudencia civil argentina en materia de responsabilidad de intermediarios,Ramiro Álvarez Ugarte y Emiliano Vitaliani,2022,2022-12,Trabajos publicados,,ESP,"Ramiro Álvarez Ugarte y Emiliano Vitaliani, “Redes de influencia: Análisis de la jurisprudencia civil argentina en materia de responsabilidad de intermediarios”, Trabajos publicados No.  (ESP), Centro de Estudios en Libertad de Expresión (CELE), Buenos Aires (2022)",https://rchdt.uchile.cl/index.php/RCHDT/article/view/65368/72153,
99.5,Supervisión de la plataforma: un aspecto a tener en cuenta en los futuros regulatorios de Internet,Agustina Del Campo,2023,2023-03,Artículo de investigación,56,ESP,"Agustina Del Campo, “Supervisión de la plataforma: un aspecto a tener en cuenta en los futuros regulatorios de Internet”, Artículo de investigación No. 56 (ESP), Centro de Estudios en Libertad de Expresión (CELE), Buenos Aires (2023)",https://www.palermo.edu/Archivos_content/2023/cele/papers/230314-Supervision-de-la-plataforma.pdf,
99,Platform Oversight: A Neglected Link in Internet’s Regulatory Futures,Agustina Del Campo,2022,2022-10,Artículo de investigación,56,ENG,"Agustina Del Campo, “Platform Oversight: A Neglected Link in Internet’s Regulatory Futures”, Artículo de investigación No. 56 (ENG), Centro de Estudios en Libertad de Expresión (CELE), Buenos Aires (2022)",https://www.palermo.edu/Archivos_content/2022/cele/noviembre/paper-cele/Platform-Oversight.pdf,
97,La exigencia de presencia local a las empresas TIC: una mirada desde el derecho internacional de los derechos humanos y el derecho económico internacional,Matías González y Belén Portugal,2022,2022-09,Artículo de investigación,55,ESP,"Matías González y Belén Portugal, “La exigencia de presencia local a las empresas TIC: una mirada desde el derecho internacional de los derechos humanos y el derecho económico internacional”, Artículo de investigación No. 55 (ESP), Centro de Estudios en Libertad de Expresión (CELE), Buenos Aires (2022)",https://www.palermo.edu/Archivos_content/2022/cele/papers/exigencia-de-presencia-local-empresas-TIC-1.pdf,
96,Penar la intolerancia 'male sal'. Críticas a la Convención Interamericana contra toda forma de Discriminación e Intolerancia,Emiliano Vitaliani y Morena Schatsky,2022,2022-08-01,Trabajos publicados,,ESP,"Emiliano Vitaliani y Morena Schatsky, “Penar la intolerancia 'male sal'. Críticas a la Convención Interamericana contra toda forma de Discriminación e Intolerancia”, Trabajos publicados No.  (ESP), Centro de Estudios en Libertad de Expresión (CELE), Buenos Aires (2022)",https://revistajuridica.utdt.edu/ojs/index.php/ratj/article/view/436,
95,Supporting Media Viability in the Americas. Towards Sustainable Journalism,Ramiro Álvarez Ugarte,2022,2022-06,Artículo de investigación,54,ENG,"Ramiro Álvarez Ugarte, “Supporting Media Viability in the Americas. Towards Sustainable Journalism”, Artículo de investigación No. 54 (ENG), Centro de Estudios en Libertad de Expresión (CELE), Buenos Aires (2022)",https://www.palermo.edu/Archivos_content/2022/cele/julio/papers/supporting-media-viability-in-the-americas.pdf,
94,Viabilidad mediática en América Latina: hacia un periodismo sustentable,Ramiro Álvarez Ugarte,2022,2022-06,Artículo de investigación,54,ESP,"Ramiro Álvarez Ugarte, “Viabilidad mediática en América Latina: hacia un periodismo sustentable”, Artículo de investigación No. 54 (ESP), Centro de Estudios en Libertad de Expresión (CELE), Buenos Aires (2022)",https://www.palermo.edu/Archivos_content/2022/cele/julio/papers/viabilidad-mediatica-en-america-latina.pdf,
93,La regulación de la libertad de expresión en América Latina: hallazgos tendencias y desafíos legislativos,Franco Serra,2022,2022-04,Artículo de investigación,53,,"Franco Serra, “La regulación de la libertad de expresión en América Latina: hallazgos tendencias y desafíos legislativos”, Artículo de investigación No. 53, Centro de Estudios en Libertad de Expresión (CELE), Buenos Aires (2022)",https://www.palermo.edu/Archivos_content/2022/cele/papers/La-regulacion-de-la-libertad-de-expresion-America-Latina.pdf,
92,Amicus Curiae: el caso Natalia Denegri contra Google,Agustina del Campo y Ramiro Álvarez Ugarte,2022,2022-03,Documento de posición,9,,"Agustina del Campo y Ramiro Álvarez Ugarte, “Amicus Curiae: el caso Natalia Denegri contra Google”, Documento de posición No. 9, Centro de Estudios en Libertad de Expresión (CELE), Buenos Aires (2022)",https://www.palermo.edu/Archivos_content/2022/cele/marzo/amicus-curiae/amicus-curiae-cele.pdf,
91,La legislación y sus efectos: algunas experiencias del derecho comparado,Emiliano Vitaliani,2021,2021-09,Artículo de investigación,52,,"Emiliano Vitaliani, “La legislación y sus efectos: algunas experiencias del derecho comparado”, Artículo de investigación No. 52, Centro de Estudios en Libertad de Expresión (CELE), Buenos Aires (2021)",https://www.palermo.edu/Archivos_content/2021/cele/papers/HRIA-3.pdf,
90,A mentira dos servidores públicos tem pernas curtas ou grandes efeitos?,Agustina Del Campo,2021,2021-08,Artículo de investigación,51,POR,"Agustina Del Campo, “A mentira dos servidores públicos tem pernas curtas ou grandes efeitos?”, Artículo de investigación No. 51 (POR), Centro de Estudios en Libertad de Expresión (CELE), Buenos Aires (2021)",https://www.palermo.edu/Archivos_content/2021/cele/papers/Desinformacao-e-servidores-publicos.pdf,
89,Are public officials' lies unsustainable or do they have far reaching effects?,Agustina Del Campo,2021,2021-08,Artículo de investigación,51,ENG,"Agustina Del Campo, “Are public officials' lies unsustainable or do they have far reaching effects?”, Artículo de investigación No. 51 (ENG), Centro de Estudios en Libertad de Expresión (CELE), Buenos Aires (2021)",https://www.palermo.edu/Archivos_content/2021/cele/papers/Disinformation-and-public-officials.pdf,
88,La mentira de los funcionarios ¿tiene patas cortas o efectos largos?,Agustina Del Campo,2021,2021-08,Artículo de investigación,51,ESP,"Agustina Del Campo, “La mentira de los funcionarios ¿tiene patas cortas o efectos largos?”, Artículo de investigación No. 51 (ESP), Centro de Estudios en Libertad de Expresión (CELE), Buenos Aires (2021)",https://www.palermo.edu/Archivos_content/2021/cele/papers/Desinformacion-y-funcionarios-publicos.pdf,
87,Desinformation in democracy or the democracy of desinformation?,Agustina Del Campo,2021,2021-04,Artículo de investigación,50,,"Agustina Del Campo, “Desinformation in democracy or the democracy of desinformation?”, Artículo de investigación No. 50, Centro de Estudios en Libertad de Expresión (CELE), Buenos Aires (2021)",https://www.palermo.edu/Archivos_content/2021/cele/papers/Disinformation-in-democracy%20(2).pdf,
86,Mirando Al Sur: Hacia nuevos consensos regionales en materia de responsabilidad de intermediarios en Internet,"Agustina Del Campo, Morena Schatzky, Laura Hernández y J. Carlos Lara ",2021,2021-04,Artículo de investigación,49,,"Agustina Del Campo, Morena Schatzky, Laura Hernández y J. Carlos Lara , “Mirando Al Sur: Hacia nuevos consensos regionales en materia de responsabilidad de intermediarios en Internet”, Artículo de investigación No. 49, Centro de Estudios en Libertad de Expresión (CELE), Buenos Aires (2021)",https://www.palermo.edu/Archivos_content/2021/cele/papers/Responsabilidad%20de%20intermediarios%20ES.pdf,
85,The New Normal? Disinformation and Content Control on Social Media during COVID-19,Carlos Cortés y Luisa Isaza,2021,2021-04,Artículo de investigación,48,ENG,"Carlos Cortés y Luisa Isaza, “The New Normal? Disinformation and Content Control on Social Media during COVID-19”, Artículo de investigación No. 48 (ENG), Centro de Estudios en Libertad de Expresión (CELE), Buenos Aires (2021)",https://www.palermo.edu/Archivos_content/2021/cele/papers/Disinformation-and-Content-Control.pdf,
84,¿La nueva normalidad? Desinformación y control de contenidos en las redes sociales con ocasión del covid-19,Carlos Cortés y Luisa Isaza,2021,2021-03,Artículo de investigación,48,ESP,"Carlos Cortés y Luisa Isaza, “¿La nueva normalidad? Desinformación y control de contenidos en las redes sociales con ocasión del covid-19”, Artículo de investigación No. 48 (ESP), Centro de Estudios en Libertad de Expresión (CELE), Buenos Aires (2021)",https://www.palermo.edu/Archivos_content/2021/cele/papers/Moderacion-Covid-19.pdf,
83,Análisis del proceso de debate de iniciativas legales sobre protección de datos personales y sus conflictos con el derecho a la libertad de expresión. Los casos de Argentina y Ecuador,Bernadette Califano,2021,2021-02,Artículo de investigación,47,,"Bernadette Califano, “Análisis del proceso de debate de iniciativas legales sobre protección de datos personales y sus conflictos con el derecho a la libertad de expresión. Los casos de Argentina y Ecuador”, Artículo de investigación No. 47, Centro de Estudios en Libertad de Expresión (CELE), Buenos Aires (2021)",https://www.palermo.edu/Archivos_content/2021/cele/datos-personales-argentina-ecuador/Datos-personales-Argentina-y-Ecuador.pdf,
82,Fake news on the Internet: actions and reactions on three plataforms,Ramiro Álvarez Ugarte y Agustina Del Campo,2021,2021-02,Artículo de investigación,46,ENG,"Ramiro Álvarez Ugarte y Agustina Del Campo, “Fake news on the Internet: actions and reactions on three plataforms”, Artículo de investigación No. 46 (ENG), Centro de Estudios en Libertad de Expresión (CELE), Buenos Aires (2021)",https://www.palermo.edu/Archivos_content/2021/cele/papers/Fake-news-on-the-Internet-2021.pdf,
81,Noticias falsas en Internet: acciones y reacciones de tres plataformas,Ramiro Álvarez Ugarte y Agustina Del Campo,2021,2021-02,Artículo de investigación,46,ESP,"Ramiro Álvarez Ugarte y Agustina Del Campo, “Noticias falsas en Internet: acciones y reacciones de tres plataformas”, Artículo de investigación No. 46 (ESP), Centro de Estudios en Libertad de Expresión (CELE), Buenos Aires (2021)",https://www.palermo.edu/Archivos_content/2021/cele/papers/Desinformacion-y-acciones-de-plataformas-2021.pdf,
,The Free Speech Recession Hits Home Mapping Laws and Regulations Affecting Free Speech in 22 Open Democracies de 2023, Justitia and the authors,2023,2023-04,Informe legislativo,,," Justitia and the authors, “The Free Speech Recession Hits Home Mapping Laws and Regulations Affecting Free Speech in 22 Open Democracies de 2023”, Informe legislativo No. , Centro de Estudios en Libertad de Expresión (CELE), Buenos Aires (2023)",,
80,Libertad de expresión en el Poder Legislativo brasileño: temas y tendencias,"Thiago Dias Oliva, Clarice Tavares Macedo y Victor Pavarin Tavares",2020,2020-12,Informe legislativo,,,"Thiago Dias Oliva, Clarice Tavares Macedo y Victor Pavarin Tavares, “Libertad de expresión en el Poder Legislativo brasileño: temas y tendencias”, Informe legislativo No. , Centro de Estudios en Libertad de Expresión (CELE), Buenos Aires (2020)",https://www.palermo.edu/Archivos_content/2020/cele/diciembre/Observatorio-Brasil.pdf,
79,Human Rights Impact Assessments: Trends Challenges And Opportunities for ICT Sector Adoption,Alejandra Castañeda y Ramiro Álvarez Ugarte,2020,2020-10,Artículo de investigación,45,ENG,"Alejandra Castañeda y Ramiro Álvarez Ugarte, “Human Rights Impact Assessments: Trends Challenges And Opportunities for ICT Sector Adoption”, Artículo de investigación No. 45 (ENG), Centro de Estudios en Libertad de Expresión (CELE), Buenos Aires (2020)",https://www.palermo.edu/Archivos_content/2021/cele/papers/Human-Rights-Impact-Assessments.pdf,
79,"Estudios de impacto en derechos humanos: Tendencias, desafíos, y oportunidades para su adopción en el sector TIC",Alejandra Castañeda y Ramiro Álvarez Ugarte,2020,2020-10,Artículo de investigación,45,ESP,"Alejandra Castañeda y Ramiro Álvarez Ugarte, “Estudios de impacto en derechos humanos: Tendencias, desafíos, y oportunidades para su adopción en el sector TIC”, Artículo de investigación No. 45 (ESP), Centro de Estudios en Libertad de Expresión (CELE), Buenos Aires (2020)",,
78,¿La desinformación en democracia o la democracia de la desinformación?,Agustina Del Campo,2020,2020-09,Artículo de investigación,44,,"Agustina Del Campo, “¿La desinformación en democracia o la democracia de la desinformación?”, Artículo de investigación No. 44, Centro de Estudios en Libertad de Expresión (CELE), Buenos Aires (2020)",https://www.palermo.edu/Archivos_content/2020/cele/septiembre/La-desinformacion-en-democracia.pdf,
77,ICT and Human Rights: Towards a Conceptual Framework of Human Rights Impact Assessments,Ramiro Álvarez Ugarte y Laura Krauer,2020,2020-08,Artículo de investigación,43,ENG,"Ramiro Álvarez Ugarte y Laura Krauer, “ICT and Human Rights: Towards a Conceptual Framework of Human Rights Impact Assessments”, Artículo de investigación No. 43 (ENG), Centro de Estudios en Libertad de Expresión (CELE), Buenos Aires (2020)",https://www.palermo.edu/Archivos_content/2021/cele/papers/ICT-and-Human-Rights.pdf,
77,TIC y Derechos Humanos: Hacia un marco conceptual de los estudios de impacto en derechos humanos,Ramiro Álvarez Ugarte y Laura Krauer,2020,2020-08,Artículo de investigación,43,ESP,"Ramiro Álvarez Ugarte y Laura Krauer, “TIC y Derechos Humanos: Hacia un marco conceptual de los estudios de impacto en derechos humanos”, Artículo de investigación No. 43 (ESP), Centro de Estudios en Libertad de Expresión (CELE), Buenos Aires (2020)",,
76,Libertad de expresión y brecha digital de género en México,Priscilla Ruiz y Vladimir Cortés,2020,2020-07,Artículo de investigación,42,,"Priscilla Ruiz y Vladimir Cortés, “Libertad de expresión y brecha digital de género en México”, Artículo de investigación No. 42, Centro de Estudios en Libertad de Expresión (CELE), Buenos Aires (2020)",https://www.palermo.edu/Archivos_content/2020/cele/octubre/libertad-expresion/Libertad-de-expresion-y-brecha-digital-de-genero-en-Mexico.pdf,
76,Ruling by bullying: Threats of regulation as an internet governance device,Ramiro Álvarez Ugarte,2026,2026-02-09,Trabajos publicados,,,"Ramiro Álvarez Ugarte, Ruling by bullying: Threats of regulation as an internet governance device. Internet Policy Review, Vol. 15, No. 1 (2026). ",,
75,Internet and Human Rights III. Contributions to the discussion in Latin America.,Agustina Del Campo,2020,2020-03,Compilaciones,III,ENG,"Agustina Del Campo, “Internet and Human Rights III. Contributions to the discussion in Latin America.”, Compilaciones No. III (ENG), Centro de Estudios en Libertad de Expresión (CELE), Buenos Aires (2020)",https://www.palermo.edu/Archivos_content/2020/cele/marzo/Libro-Internet-and-Human-Rights-III.pdf,
74,Internet y derechos humanos III. Aportes para la discusión en América Latina,Agustina Del Campo,2020,2020-03,Compilaciones,III,ESP,"Agustina Del Campo, “Internet y derechos humanos III. Aportes para la discusión en América Latina”, Compilaciones No. III (ESP), Centro de Estudios en Libertad de Expresión (CELE), Buenos Aires (2020)",https://www.palermo.edu/Archivos_content/2020/cele/marzo/Internet_y_Derechos_HumanosIII.pdf,
73,El desarrollo institucional en la gobernanza de internet y la participación en la sociedad civil,Diego R. Canabarro,2019,2019-12,Artículo de investigación,41,,"Diego R. Canabarro, “El desarrollo institucional en la gobernanza de internet y la participación en la sociedad civil”, Artículo de investigación No. 41, Centro de Estudios en Libertad de Expresión (CELE), Buenos Aires (2019)",https://www.palermo.edu/Archivos_content/2020/cele/agosto/El-desarrollo-institucional-PADF-Canabarro.pdf,
72,Estado democrático de derecho y la gobernanza de internet,Guilherme Canela,2019,2019-12,Artículo de investigación,40,,"Guilherme Canela, “Estado democrático de derecho y la gobernanza de internet”, Artículo de investigación No. 40, Centro de Estudios en Libertad de Expresión (CELE), Buenos Aires (2019)",https://www.palermo.edu/Archivos_content/2020/cele/agosto/Estado-democratico-de-derecho-PADF-Canela.pdf,
71,Del cómic a los memes: viejas y nuevas problemáticas en torno al humor y la libertad de expresión,Agustina Del Campo y Paula Roko,2019,2019-11,Artículo de investigación,39,,"Agustina Del Campo y Paula Roko, “Del cómic a los memes: viejas y nuevas problemáticas en torno al humor y la libertad de expresión”, Artículo de investigación No. 39, Centro de Estudios en Libertad de Expresión (CELE), Buenos Aires (2019)",https://www.palermo.edu/Archivos_content/2019/cele/noviembre/Humor-y-libertad-de-expresion.pdf,
70,Libertad de expresión y de discurso en Chile: desafíos y tensiones en el tránsito hacia una sociedad digital,Patricia Peña,2019,2019-10,Informe legislativo,,,"Patricia Peña, “Libertad de expresión y de discurso en Chile: desafíos y tensiones en el tránsito hacia una sociedad digital”, Informe legislativo No. , Centro de Estudios en Libertad de Expresión (CELE), Buenos Aires (2019)",https://www.palermo.edu/Archivos_content/2019/cele/octubre/libertad-de-expresion-y-discurso-Chile.pdf,
69,Tendencias de la libertad de expresión en Colombia,Luisa Fernanda Isaza,2019,2019-10,Informe legislativo,,,"Luisa Fernanda Isaza, “Tendencias de la libertad de expresión en Colombia”, Informe legislativo No. , Centro de Estudios en Libertad de Expresión (CELE), Buenos Aires (2019)",https://www.palermo.edu/Archivos_content/2019/cele/octubre/Tendencias-de-la-libertad-de-expresion-en-Colombia.pdf,
68,Tendencias en libertad de expresión en Guatemala,Álvaro Castellanos Howell,2019,2019-10,Informe legislativo,12,,"Álvaro Castellanos Howell, “Tendencias en libertad de expresión en Guatemala”, Informe legislativo No. 12, Centro de Estudios en Libertad de Expresión (CELE), Buenos Aires (2019)",https://www.palermo.edu/Archivos_content/2019/cele/octubre/Tendencias-de-la-libertad-de-expresion-en-Guatemala.pdf,
67,Tendencias legislativas sobre libertad de expresión e internet en Paraguay,Camilo J. Filártiga Callizo,2019,2019-10,Informe legislativo,11,,"Camilo J. Filártiga Callizo, “Tendencias legislativas sobre libertad de expresión e internet en Paraguay”, Informe legislativo No. 11, Centro de Estudios en Libertad de Expresión (CELE), Buenos Aires (2019)",https://www.palermo.edu/Archivos_content/2019/cele/octubre/Tendencias-legislativas-en-Paraguay.pdf,
66,Los guardianes de la ley de Acceso a la Información Pública: análisis sobre la implementación de los órganos garantes,Agustina Del Campo y Franco Serra,2019,2019-09,Artículo de investigación,38,,"Agustina Del Campo y Franco Serra, “Los guardianes de la ley de Acceso a la Información Pública: análisis sobre la implementación de los órganos garantes”, Artículo de investigación No. 38, Centro de Estudios en Libertad de Expresión (CELE), Buenos Aires (2019)",https://www.palermo.edu/Archivos_content/2019/cele/octubre/Los-guardianes-ley-de-acceso-info.pdf,
65,Towards an Internet Free of Censorship III: standards contexts and lessons from the Inter-American Human Rights System,Agustina Del Campo,2019,2019-09,Compilaciones,III,ENG,"Agustina Del Campo, “Towards an Internet Free of Censorship III: standards contexts and lessons from the Inter-American Human Rights System”, Compilaciones No. III (ENG), Centro de Estudios en Libertad de Expresión (CELE), Buenos Aires (2019)",https://www.palermo.edu/Archivos_content/2019/cele/Mayo/Towards-an-internet-free-of-censorship-Web.pdf,
64,Considering Facebook Oversight Board: turning on expectations,Agustina Del Campo,2019,2019-05,Artículo de investigación,37,,"Agustina Del Campo, “Considering Facebook Oversight Board: turning on expectations”, Artículo de investigación No. 37, Centro de Estudios en Libertad de Expresión (CELE), Buenos Aires (2019)",https://www.palermo.edu/Archivos_content/2019/cele/Junio/Considering-Facebook-Oversight-Board.pdf,
63,Hacia una internet libre de censura III: estándares contextos y aprendizajes en el Sistema Interamericano,Agustina Del Campo,2019,2019-05,Compilaciones,III,ESP,"Agustina Del Campo, “Hacia una internet libre de censura III: estándares contextos y aprendizajes en el Sistema Interamericano”, Compilaciones No. III (ESP), Centro de Estudios en Libertad de Expresión (CELE), Buenos Aires (2019)",https://www.palermo.edu/Archivos_content/2019/cele/Mayo/Hacia-una-Internet-libre-de-censura-III.pdf,
62,Secretos y mentiras: WhatsApp y las redes sociales en las elecciones presidenciales de Brasil en 2018,"Esther Solano, Francisco Brito Cruz, Helena Martins, João Brant, Mariana Valente y Rafael Zanatta",2019,2019-05,Artículo de investigación,36,,"Esther Solano, Francisco Brito Cruz, Helena Martins, João Brant, Mariana Valente y Rafael Zanatta, “Secretos y mentiras: WhatsApp y las redes sociales en las elecciones presidenciales de Brasil en 2018”, Artículo de investigación No. 36, Centro de Estudios en Libertad de Expresión (CELE), Buenos Aires (2019)",https://www.palermo.edu/Archivos_content/2020/cele/febrero/Secretos-y-mentiras-WhatsApp-y-las-redes-sociales%20.pdf,
61,WhatsApp política móvil y desinformación: ¿cómo se dio la viralización de las noticias falsas en las elecciones brasileñas?,João Guilherme Bastos dos Santos y Miguel Freitas,2019,2019-05,Artículo de investigación,35,,"João Guilherme Bastos dos Santos y Miguel Freitas, “WhatsApp política móvil y desinformación: ¿cómo se dio la viralización de las noticias falsas en las elecciones brasileñas?”, Artículo de investigación No. 35, Centro de Estudios en Libertad de Expresión (CELE), Buenos Aires (2019)",https://www.palermo.edu/Archivos_content/2020/cele/febrero/WhatsApp-politica-movil-y-desinformacion.pdf,
60,Los discursos de odio como amenaza a los derechos humanos,Natalia Torres y Víctor Taricco,2019,2019-04,Artículo de investigación,34,,"Natalia Torres y Víctor Taricco, “Los discursos de odio como amenaza a los derechos humanos”, Artículo de investigación No. 34, Centro de Estudios en Libertad de Expresión (CELE), Buenos Aires (2019)",https://www.palermo.edu/Archivos_content/2019/cele/Abril/Los-discursos-de-odio_Torres-y-Taricco.pdf,
59,"Implementing ""Digital Oblivion"": Forgetting Details",Carlos Cortés and Luisa Fernanda Isaza,2018,2018-12,Artículo de investigación,33,ENG,"Carlos Cortés and Luisa Fernanda Isaza, “Implementing ""Digital Oblivion"": Forgetting Details”, Artículo de investigación No. 33 (ENG), Centro de Estudios en Libertad de Expresión (CELE), Buenos Aires (2018)",https://www.palermo.edu/Archivos_content/2019/cele/Mayo/Implementing-Digital-Oblivion-Forgetting-Details.pdf,
58,"La implementación del ""olvido digital"": el olvido de los detalles",Carlos Cortés y Luisa Fernanda Isaz,2018,2018-12,Artículo de investigación,33,ESP,"Carlos Cortés y Luisa Fernanda Isaz, “La implementación del ""olvido digital"": el olvido de los detalles”, Artículo de investigación No. 33 (ESP), Centro de Estudios en Libertad de Expresión (CELE), Buenos Aires (2018)",https://www.palermo.edu/cele/libertad-de-expresion/pdf/La-implementacion-del-olvido-digital-CELE-enero-2019.pdf,
57,Libertad de expresión e internet,Agustina Del Campo,2018,2018-05,Compilaciones,,ESP,"Agustina Del Campo, “Libertad de expresión e internet”, Compilaciones No.  (ESP), Centro de Estudios en Libertad de Expresión (CELE), Buenos Aires (2018)",https://www.palermo.edu/cele/pdf/Libertad-de-expresion-e-internet.pdf,
56,Tendencias en libertad de expresión en Argentina,CELE,2018,2018-03,Informe legislativo,,,"CELE, “Tendencias en libertad de expresión en Argentina”, Informe legislativo No. , Centro de Estudios en Libertad de Expresión (CELE), Buenos Aires (2018)",https://www.palermo.edu/cele/pdf/Libertad_de_expresion_en_Argentina.pdf,
55,Tendencias en libertad de expresión en Ecuador,CELE,2018,2018-03,Informe legislativo,,,"CELE, “Tendencias en libertad de expresión en Ecuador”, Informe legislativo No. , Centro de Estudios en Libertad de Expresión (CELE), Buenos Aires (2018)",https://www.palermo.edu/cele/pdf/Libertad_de_expresion_en_Ecuador.pdf,
54,Tendencias en libertad de expresión en México,CELE,2018,2018-03,Informe legislativo,,,"CELE, “Tendencias en libertad de expresión en México”, Informe legislativo No. , Centro de Estudios en Libertad de Expresión (CELE), Buenos Aires (2018)",https://www.palermo.edu/cele/pdf/Libertad_de_expresion_en_Mexico.pdf,
53,Tendencias en libertad de expresión en Perú,CELE,2018,2018-03,Informe legislativo,,,"CELE, “Tendencias en libertad de expresión en Perú”, Informe legislativo No. , Centro de Estudios en Libertad de Expresión (CELE), Buenos Aires (2018)",https://www.palermo.edu/cele/pdf/Libertad_de_expresion_en_Peru.pdf,
52,Content Moderation and private censorship: standards drawn from the jurisprudence of the Inter-American Human Rights system,Agustina Del Campo,2017,2017-12,Artículo de investigación,32,,"Agustina Del Campo, “Content Moderation and private censorship: standards drawn from the jurisprudence of the Inter-American Human Rights system”, Artículo de investigación No. 32, Centro de Estudios en Libertad de Expresión (CELE), Buenos Aires (2017)",https://www.palermo.edu/cele/pdf/Content_Moderation.pdf,
51,Criminalization of Discriminatory Expression in the Americas: The Case of Non-Consensual Pornography Regulation in Argentina,Paula Vargas,2017,2017-12,Artículo de investigación,31,,"Paula Vargas, “Criminalization of Discriminatory Expression in the Americas: The Case of Non-Consensual Pornography Regulation in Argentina”, Artículo de investigación No. 31, Centro de Estudios en Libertad de Expresión (CELE), Buenos Aires (2017)",https://www.palermo.edu/cele/pdf/Policy_Brief_Non_Consensual_Pornography.pdf,
50,Fake news on the internet: the strategy to battle misinformation,Carlos Cortés y Luisa Isaza,2017,2017-12,Artículo de investigación,30,ENG,"Carlos Cortés y Luisa Isaza, “Fake news on the internet: the strategy to battle misinformation”, Artículo de investigación No. 30 (ENG), Centro de Estudios en Libertad de Expresión (CELE), Buenos Aires (2017)",https://www.palermo.edu/Archivos_content/2019/cele/Mayo/Fake-news-strategy-to-battle-misinformation.pdf,
49,Noticias falsas en internet: la estrategia para combatir la desinformación,Carlos Cortés y Luisa Isaza,2017,2017-12,Artículo de investigación,30,ESP,"Carlos Cortés y Luisa Isaza, “Noticias falsas en internet: la estrategia para combatir la desinformación”, Artículo de investigación No. 30 (ESP), Centro de Estudios en Libertad de Expresión (CELE), Buenos Aires (2017)",https://www.palermo.edu/cele/pdf/FakeNews.pdf,
48,Guía para jueces y periodistas: mejores prácticas para orientar el diálogo entre el Poder Judicial y la prensa,"Organización de las Naciones Unidas para la Educación, la Ciencia y la Cultura y la Oficina Regional de Ciencias de la UNESCO",2017,2017-11,Trabajos publicados,,,"Organización de las Naciones Unidas para la Educación, la Ciencia y la Cultura y la Oficina Regional de Ciencias de la UNESCO, “Guía para jueces y periodistas: mejores prácticas para orientar el diálogo entre el Poder Judicial y la prensa”, Trabajos publicados No. , Centro de Estudios en Libertad de Expresión (CELE), Buenos Aires (2017)",https://www.palermo.edu/cele/libertad-de-expresion/Guia_para_jueces_y_periodistas.pdf,
47,Amicus curiae ante la Corte Suprema en el caso Cecilia Pando c/ Revista Barcelona,Agustina Del Campo,2017,2017-10,Documento de posición,8,,"Agustina Del Campo, “Amicus curiae ante la Corte Suprema en el caso Cecilia Pando c/ Revista Barcelona”, Documento de posición No. 8, Centro de Estudios en Libertad de Expresión (CELE), Buenos Aires (2017)",https://www.palermo.edu/cele/libertad-de-expresion/AMICUS_PANDO_VERSION_FINAL.pdf,
46,Hacia una internet libre de censura II. Perspectivas en América Latina,Agustina Del Campo,2017,2017-02,Compilaciones,II,ESP,"Agustina Del Campo, “Hacia una internet libre de censura II. Perspectivas en América Latina”, Compilaciones No. II (ESP), Centro de Estudios en Libertad de Expresión (CELE), Buenos Aires (2017)",https://www.palermo.edu/cele/pdf/investigaciones/Hacia_una_internet_libre_de_censura_II.pdf,
45,Towards an Internet Free of Censorship II. Perspectives in Latin America,Agustina Del Campo,2017,2017-02,Compilaciones,II,ENG,"Agustina Del Campo, “Towards an Internet Free of Censorship II. Perspectives in Latin America”, Compilaciones No. II (ENG), Centro de Estudios en Libertad de Expresión (CELE), Buenos Aires (2017)",https://www.palermo.edu/cele/pdf/investigaciones/Towards_an_Internet_Free_of_Censorship_II_10-03_FINAL.pdf,
44,Servicios Over-the-Top: principios fundamentales para su tratamiento regulatorio en Argentina,Maia Levy Daniel,2016,2016-11,Artículo de investigación,28,,"Maia Levy Daniel, “Servicios Over-the-Top: principios fundamentales para su tratamiento regulatorio en Argentina”, Artículo de investigación No. 28, Centro de Estudios en Libertad de Expresión (CELE), Buenos Aires (2016)",https://www.palermo.edu/cele/pdf/investigaciones/Policy_paper-Servicios_OTT-MLD.pdf,
43,Comentarios a los Principios sobre la protección de la libertad de expresión y la privacidad de Article 19,CELE,2016,2016-08,Documento de posición,7,,"CELE, “Comentarios a los Principios sobre la protección de la libertad de expresión y la privacidad de Article 19”, Documento de posición No. 7, Centro de Estudios en Libertad de Expresión (CELE), Buenos Aires (2016)",https://www.palermo.edu/cele/pdf/Comentarios-del-CELE-Principios-Article-19.pdf,
42,Acceso a internet en Argentina. Lecciones aprendidas del plan Argentina Conectada,Verónica Ferrari,2016,2016-07,Artículo de investigación,27,,"Verónica Ferrari, “Acceso a internet en Argentina. Lecciones aprendidas del plan Argentina Conectada”, Artículo de investigación No. 27, Centro de Estudios en Libertad de Expresión (CELE), Buenos Aires (2016)",https://www.palermo.edu/cele/pdf/investigaciones/Acceso_a_internet_en_Argentina.pdf,
41,El delito de 'grooming' en la legislación penal actual y proyectada en Argentina,Daniela Schnidrig,2016,2016-03,Artículo de investigación,26,,"Daniela Schnidrig, “El delito de 'grooming' en la legislación penal actual y proyectada en Argentina”, Artículo de investigación No. 26, Centro de Estudios en Libertad de Expresión (CELE), Buenos Aires (2016)",https://www.palermo.edu/cele/pdf/investigaciones/Informe-Anteproyecto-Codigo-Penal.pdf,
40,Internet y derechos humanos II. Aportes para la discusión en América Latina.,Eduardo Bertoni,2016,2016-02,Compilaciones,II,ESP,"Eduardo Bertoni, “Internet y derechos humanos II. Aportes para la discusión en América Latina.”, Compilaciones No. II (ESP), Centro de Estudios en Libertad de Expresión (CELE), Buenos Aires (2016)",https://www.palermo.edu/cele/pdf/InternetyDDHHII.pdf,
39,La regulación de la pornografía no consentida en Argentina,Paula Vargas de Brea,2015,2015-12,Artículo de investigación,25,,"Paula Vargas de Brea, “La regulación de la pornografía no consentida en Argentina”, Artículo de investigación No. 25, Centro de Estudios en Libertad de Expresión (CELE), Buenos Aires (2015)",https://www.palermo.edu/cele/pdf/Paper-regulacion-pornografia.pdf,
38,Responsabilidad de intermediarios y derecho al olvido. Aportes para la discusión legislativa en Argentina,Verónica Ferrari y Daniela Schnidrig,2015,2015-06,Documento de posición,6,,"Verónica Ferrari y Daniela Schnidrig, “Responsabilidad de intermediarios y derecho al olvido. Aportes para la discusión legislativa en Argentina”, Documento de posición No. 6, Centro de Estudios en Libertad de Expresión (CELE), Buenos Aires (2015)",https://www.palermo.edu/cele/pdf/Policy_Paper_Derecho_al_Olvido.pdf,
37,Mercados propiedad expresión y uso personal: el sistema de derechos de autor,Hiram A. Meléndez Juarbe,2015,2015-02,Artículo de investigación,24,,"Hiram A. Meléndez Juarbe, “Mercados propiedad expresión y uso personal: el sistema de derechos de autor”, Artículo de investigación No. 24, Centro de Estudios en Libertad de Expresión (CELE), Buenos Aires (2015)",https://www.palermo.edu/cele/pdf/MERCADOS-PROPIEDAD-EXPRESION-Y-USO-PERSONAL.pdf,
36,"Contribuciones al informe de UNESCO ""Fostering Freedom Online: the Role of Internet Intermediaries""","MacKinnon Rebecca, Hickok Elonnai, Bar Allon and Lim, Hae-in",2015,2015-01,Informe legislativo,,,"MacKinnon Rebecca, Hickok Elonnai, Bar Allon and Lim, Hae-in, “Contribuciones al informe de UNESCO ""Fostering Freedom Online: the Role of Internet Intermediaries""”, Informe legislativo No. , Centro de Estudios en Libertad de Expresión (CELE), Buenos Aires (2015)",https://unesdoc.unesco.org/ark:/48223/pf0000231162,
35,"El ""internet de las cosas"": más internet que otra cosa",Carlos Cortés,2014,2014-12,Artículo de investigación,23,,"Carlos Cortés, “El ""internet de las cosas"": más internet que otra cosa”, Artículo de investigación No. 23, Centro de Estudios en Libertad de Expresión (CELE), Buenos Aires (2014)",https://www.palermo.edu/cele/pdf/Paper-IoT-DEF.pdf,
34,La gobernanza de Internet: la trampa de las formas,Carlos Cortés,2014,2014-09,Artículo de investigación,22,,"Carlos Cortés, “La gobernanza de Internet: la trampa de las formas”, Artículo de investigación No. 22, Centro de Estudios en Libertad de Expresión (CELE), Buenos Aires (2014)",https://www.palermo.edu/cele/pdf/CELE_GobernanzaDeInternet.pdf,
33,Amicus curiae a la Corte Suprema en el caso María Belén Rodríguez c/ Google,Eduardo Andrés Bertoni,2014,2014-08,Documento de posición,5,,"Eduardo Andrés Bertoni, “Amicus curiae a la Corte Suprema en el caso María Belén Rodríguez c/ Google”, Documento de posición No. 5, Centro de Estudios en Libertad de Expresión (CELE), Buenos Aires (2014)",https://www.palermo.edu/cele/pdf/PRESENTA-AMICUS-CURIAE-BERTONI.pdf,
32,Colaboración del CELE en el capítulo sobre América Latina y el Caribe del informe de la Unesco World Trends in Freedom of Expression and Media Development,UNESCO Office Montevideo and Regional Bureau for Science in Latin America and the Caribbean,2014,2014-08,Trabajos publicados,,,"UNESCO Office Montevideo and Regional Bureau for Science in Latin America and the Caribbean, “Colaboración del CELE en el capítulo sobre América Latina y el Caribe del informe de la Unesco World Trends in Freedom of Expression and Media Development”, Trabajos publicados No. , Centro de Estudios en Libertad de Expresión (CELE), Buenos Aires (2014)",https://unesdoc.unesco.org/ark:/48223/pf0000227740,
31,Pedido de audiencia temática a la CIDH sobre el impacto de internet en la defensa y el ejercicio de los derechos humanos,Dr. Eduardo Bertoni,2014,2014-08,Documento de posición,4,,"Dr. Eduardo Bertoni, “Pedido de audiencia temática a la CIDH sobre el impacto de internet en la defensa y el ejercicio de los derechos humanos”, Documento de posición No. 4, Centro de Estudios en Libertad de Expresión (CELE), Buenos Aires (2014)",https://www.palermo.edu/cele/pdf/Solicitud-Audiencia-Internet-DDHH.pdf,
30,Internet en Argentina: ¿cómo estamos hoy? Mapeo de la situación en materia de acceso regulación y derechos humanos,Eduardo Bertoni,2014,2014-07,Artículo de investigación,20,,"Eduardo Bertoni, “Internet en Argentina: ¿cómo estamos hoy? Mapeo de la situación en materia de acceso regulación y derechos humanos”, Artículo de investigación No. 20, Centro de Estudios en Libertad de Expresión (CELE), Buenos Aires (2014)",https://www.palermo.edu/cele/pdf/investigaciones/Mapping-ARG-CELE.pdf,
29,Carta de Derechos Humanos y Principios de Internet,CELE,2014,2014-02,Documento de posición,3,,"CELE, “Carta de Derechos Humanos y Principios de Internet”, Documento de posición No. 3, Centro de Estudios en Libertad de Expresión (CELE), Buenos Aires (2014)",https://www.palermo.edu/cele/pdf/Carta-DDHH-&-Internet-Espanol.pdf,
28,Hacia una política integral de gestión de la información pública.Todo lo que siempre quisimos saber sobre archivos (y nunca nos animamos a preguntarle al acceso a la información),Natalia Torres,2014,2014-02,Artículo de investigación,19,,"Natalia Torres, “Hacia una política integral de gestión de la información pública.Todo lo que siempre quisimos saber sobre archivos (y nunca nos animamos a preguntarle al acceso a la información)”, Artículo de investigación No. 19, Centro de Estudios en Libertad de Expresión (CELE), Buenos Aires (2014)",https://www.palermo.edu/cele/pdf/Hacia_una_Politica_Integral.pdf,
27,Internet y derechos humanos. Aportes para la discusión en América Latina,Eduardo Bertoni,2014,2014-02,Compilaciones,I,ESP,"Eduardo Bertoni, “Internet y derechos humanos. Aportes para la discusión en América Latina”, Compilaciones No. I (ESP), Centro de Estudios en Libertad de Expresión (CELE), Buenos Aires (2014)",https://www.palermo.edu/cele/pdf/InternetyDDHH.pdf,
26,"Colaboración en ""Cuadernillos de Temas Emergentes"" del Instituto Nacional de Derechos Humanos de Chile",Eduardo Bertoni,2013,2013-12,Artículo de investigación,18,,"Eduardo Bertoni, “Colaboración en ""Cuadernillos de Temas Emergentes"" del Instituto Nacional de Derechos Humanos de Chile”, Artículo de investigación No. 18, Centro de Estudios en Libertad de Expresión (CELE), Buenos Aires (2013)",https://bibliotecadigital.indh.cl/bitstream/handle/123456789/627/cuadernillo?sequence=1,
25,Libertad de expresión versus libertad de expresión: la protección del derecho de autor como una tensión interna,Carlos Cortés,2013,2013-12,Artículo de investigación,17,,"Carlos Cortés, “Libertad de expresión versus libertad de expresión: la protección del derecho de autor como una tensión interna”, Artículo de investigación No. 17, Centro de Estudios en Libertad de Expresión (CELE), Buenos Aires (2013)",https://www.palermo.edu/cele/pdf/La-proteccion-del-derecho-de-autor-como-una-tension-interna.pdf,
24,La neutralidad de la red: la tensión entre la no discriminación y la gestión,Carlos Cortés,2013,2013-10,Artículo de investigación,16,,"Carlos Cortés, “La neutralidad de la red: la tensión entre la no discriminación y la gestión”, Artículo de investigación No. 16, Centro de Estudios en Libertad de Expresión (CELE), Buenos Aires (2013)",https://www.palermo.edu/cele/pdf/PaperNeutralidadFinal.pdf,
22,Las llaves del ama de llaves: la estrategia de los intermediarios en Internet y el impacto en el entorno digital,Carlos Cortés ,2013,2013-08,Artículo de investigación,14,,"Carlos Cortés , “Las llaves del ama de llaves: la estrategia de los intermediarios en Internet y el impacto en el entorno digital”, Artículo de investigación No. 14, Centro de Estudios en Libertad de Expresión (CELE), Buenos Aires (2013)",https://www.palermo.edu/cele/pdf/LasLlavesDelAmaDeLlaves.pdf,
20,Derecho al olvido: entre la protección de datos la memoria y la vida personal en la era digital,Carlos Cortés,2012,2012-12,Artículo de investigación,12,,"Carlos Cortés, “Derecho al olvido: entre la protección de datos la memoria y la vida personal en la era digital”, Artículo de investigación No. 12, Centro de Estudios en Libertad de Expresión (CELE), Buenos Aires (2012)",https://www.palermo.edu/cele/pdf/DerechoalolvidoiLEI.pdf,
19,Amicus curiae junto a Human Rights Watch ante la Corte Constitucional de Ecuador por el artículo sobre desacato del Código Penal ecuatoriano,CELE,2012,2012-11,Documento de posición,2,,"CELE, “Amicus curiae junto a Human Rights Watch ante la Corte Constitucional de Ecuador por el artículo sobre desacato del Código Penal ecuatoriano”, Documento de posición No. 2, Centro de Estudios en Libertad de Expresión (CELE), Buenos Aires (2012)",https://www.palermo.edu/Archivos_content/derecho/pdf/amicus-corte-const-ecuador-HRW-CELE-1.pdf,
18,Información pública y datos personales: una antigua tensión nuevos desafíos,Natalia Torres ,2012,2012-11,Artículo de investigación,11,,"Natalia Torres , “Información pública y datos personales: una antigua tensión nuevos desafíos”, Artículo de investigación No. 11, Centro de Estudios en Libertad de Expresión (CELE), Buenos Aires (2012)",https://www.palermo.edu/cele/pdf/DatosPersonales_Final.pdf,
17,"Informe de UNESCO ""Global survey on Internet privacy and freedom of expression""","Mendel Toby, Puddephatt Andrew, Wagner Ben, Hawtin Dixie, Torres Natalia",2012,2012-11,Informe legislativo,,,"Mendel Toby, Puddephatt Andrew, Wagner Ben, Hawtin Dixie, Torres Natalia, “Informe de UNESCO ""Global survey on Internet privacy and freedom of expression""”, Informe legislativo No. , Centro de Estudios en Libertad de Expresión (CELE), Buenos Aires (2012)",https://unesdoc.unesco.org/ark:/48223/pf0000218273,
16,Nombres de dominio: una expresión que merece ser protegida. Recomendaciones y sugerencias para administradores locales de América Latina y el mundo,Eduardo Bertoni,2012,2012-11,Artículo de investigación,10,,"Eduardo Bertoni, “Nombres de dominio: una expresión que merece ser protegida. Recomendaciones y sugerencias para administradores locales de América Latina y el mundo”, Artículo de investigación No. 10, Centro de Estudios en Libertad de Expresión (CELE), Buenos Aires (2012)",https://www.palermo.edu/cele/pdf/PaperdominiosCELEFINAL-1.pdf,
15,Calumnias e injurias: a dos años de la reforma del Código Penal argentino,Eduardo Bertoni y Agustina del Campo,2012,2012-09,Artículo de investigación,9,,"Eduardo Bertoni y Agustina del Campo, “Calumnias e injurias: a dos años de la reforma del Código Penal argentino”, Artículo de investigación No. 9, Centro de Estudios en Libertad de Expresión (CELE), Buenos Aires (2012)",https://www.palermo.edu/cele/pdf/Calumnias-e-Injurias.pdf,
14,Amicus curiae ante la Corte Constitucional de Colombia en el marco del proceso de revisión de la Ley 1520 (Ley Lleras),Eduardo Bertoni,2012,2012-08,Documento de posición,1,,"Eduardo Bertoni, “Amicus curiae ante la Corte Constitucional de Colombia en el marco del proceso de revisión de la Ley 1520 (Ley Lleras)”, Documento de posición No. 1, Centro de Estudios en Libertad de Expresión (CELE), Buenos Aires (2012)",https://www.palermo.edu/cele/pdf/Amicus-Curie-CELE.pdf,
13,Acceso a la información y seguridad nacional en América Latina,"Eduardo Bertoni, Edison Lanza, Mariana Mas, Natalia Torres",2012,2012-07,Artículo de investigación,8,,"Eduardo Bertoni, Edison Lanza, Mariana Mas, Natalia Torres, “Acceso a la información y seguridad nacional en América Latina”, Artículo de investigación No. 8, Centro de Estudios en Libertad de Expresión (CELE), Buenos Aires (2012)",https://www.palermo.edu/cele/pdf/NS-AI.pdf,
12,Vigilancia en la red: ¿qué significa monitorear y detectar contenidos en internet?,Carlos Cortés,2012,2012-07,Artículo de investigación,7,,"Carlos Cortés, “Vigilancia en la red: ¿qué significa monitorear y detectar contenidos en internet?”, Artículo de investigación No. 7, Centro de Estudios en Libertad de Expresión (CELE), Buenos Aires (2012)",https://www.palermo.edu/cele/pdf/El-deseo-de-observar-la-red.pdf,
11,Despenalización de la expresión: la experiencia argentina,Agustina Del Campo y Eduardo Bertoni,2012,2012-06,Artículo de investigación,6,,"Agustina Del Campo y Eduardo Bertoni, “Despenalización de la expresión: la experiencia argentina”, Artículo de investigación No. 6, Centro de Estudios en Libertad de Expresión (CELE), Buenos Aires (2012)",https://www.palermo.edu/Archivos_content/2020/cele/publicaciones/Despenalizacion-de-la-expresion-en-Argentina.pdf,
10,Comentarios al anteproyecto de Ley de Transparencia Acceso a la Información pública y Buen Gobierno de España,OSCE,2012,2012-04,Informe legislativo,,,"OSCE, “Comentarios al anteproyecto de Ley de Transparencia Acceso a la Información pública y Buen Gobierno de España”, Informe legislativo No. , Centro de Estudios en Libertad de Expresión (CELE), Buenos Aires (2012)",https://www.osce.org/fom/89577,
9,Diseño institucional y efectividad de las agencias encargadas de proteger periodistas e investigar crímenes contra la prensa: México Colombia y Guatemala,Natalia Torres,2012,2012-04,Artículo de investigación,5,,"Natalia Torres, “Diseño institucional y efectividad de las agencias encargadas de proteger periodistas e investigar crímenes contra la prensa: México Colombia y Guatemala”, Artículo de investigación No. 5, Centro de Estudios en Libertad de Expresión (CELE), Buenos Aires (2012)",https://www.palermo.edu/cele/pdf/acceso-informacion/Documento1_Informe_Completo.pdf,
8,La tensión entre la protección de la propiedad intelectual y el intercambio de contenidos en la red. A propósito del caso Cuevana en Argentina y la 'Ley Lleras' en Colombia,Eduardo Bertoni y Carlos Cortés,2012,2012-03,Artículo de investigación,4,,"Eduardo Bertoni y Carlos Cortés, “La tensión entre la protección de la propiedad intelectual y el intercambio de contenidos en la red. A propósito del caso Cuevana en Argentina y la 'Ley Lleras' en Colombia”, Artículo de investigación No. 4, Centro de Estudios en Libertad de Expresión (CELE), Buenos Aires (2012)",https://www.palermo.edu/cele/pdf/investigaciones/la-tension-entre-la-proteccion-de-la-propiedad-intelectual.pdf,
7,Hacia una internet libre de censura. Propuestas para América Latina,Eduardo Bertoni,2012,2012-01,Compilaciones,I,ESP,"Eduardo Bertoni, “Hacia una internet libre de censura. Propuestas para América Latina”, Compilaciones No. I (ESP), Centro de Estudios en Libertad de Expresión (CELE), Buenos Aires (2012)",https://www.palermo.edu/cele/pdf/internet_libre_de_censura_libro.pdf,
6,Promoción del acceso a la información pública a través del sistema educativo: La experiencia de México,Andrea de la Fuente y María Rosario Soraide Durán,2011,2011-12,Artículo de investigación,3,,"Andrea de la Fuente y María Rosario Soraide Durán, “Promoción del acceso a la información pública a través del sistema educativo: La experiencia de México”, Artículo de investigación No. 3, Centro de Estudios en Libertad de Expresión (CELE), Buenos Aires (2011)",https://www.palermo.edu/cele/pdf/Promocion-AIP-sistema-educativo-Diciembre-2011.pdf,
5,El CELE presenta recomendaciones para la Ley Modelo de Acceso a la Información en África,Eduardo Bertoni,2011,2011-11,Informe legislativo,,,"Eduardo Bertoni, “El CELE presenta recomendaciones para la Ley Modelo de Acceso a la Información en África”, Informe legislativo No. , Centro de Estudios en Libertad de Expresión (CELE), Buenos Aires (2011)",https://www.palermo.edu/cele/pdf/investigaciones/AU-Draft-Model-Law-CELE.pdf,
4,Access to Information Training Approaches for Government Officials,Natalia Torres y Luis F. Esquivel,2011,2011-11,Artículo de investigación,2,,"Natalia Torres y Luis F. Esquivel, “Access to Information Training Approaches for Government Officials”, Artículo de investigación No. 2, Centro de Estudios en Libertad de Expresión (CELE), Buenos Aires (2011)",https://www.palermo.edu/cele/pdf/noticias/AI-training-final.pdf,
3,Informe técnico sobre los proyectos de ley de acceso a la información en debate en el Senado de la Nación Argentina,Eduardo Bertoni,2010,2010-09,Artículo de investigación,1,,"Eduardo Bertoni, “Informe técnico sobre los proyectos de ley de acceso a la información en debate en el Senado de la Nación Argentina”, Artículo de investigación No. 1, Centro de Estudios en Libertad de Expresión (CELE), Buenos Aires (2010)",https://www.palermo.edu/cele/pdf/noticias/recomendaciones-del-senado.pdf,
2,Recomendaciones en base al tercer proyecto de dictamen elaborado por el senador Samuel Cabanchik a la Comisión de Asuntos Constitucionales del Honorable Senado de la Nación,Eduardo Bertoni,2010,2010-09,Informe legislativo,,,"Eduardo Bertoni, “Recomendaciones en base al tercer proyecto de dictamen elaborado por el senador Samuel Cabanchik a la Comisión de Asuntos Constitucionales del Honorable Senado de la Nación”, Informe legislativo No. , Centro de Estudios en Libertad de Expresión (CELE), Buenos Aires (2010)",https://www.palermo.edu/cele/pdf/noticias/cele-cabanchik.pdf,
1,Apuntes para la presentación del profesor Eduardo Bertoni sobre el proyecto de ley de acceso a la información pública,Eduardo Bertoni,2010,2010-06,Informe legislativo,,,"Eduardo Bertoni, “Apuntes para la presentación del profesor Eduardo Bertoni sobre el proyecto de ley de acceso a la información pública”, Informe legislativo No. , Centro de Estudios en Libertad de Expresión (CELE), Buenos Aires (2010)",https://www.palermo.edu/cele/pdf/Presentacion-senado.pdf,