serie,numero,idioma,url,filename,status,message
Artículo de investigación,74,ENG,https://www.palermo.edu/Archivos_content/2025/cele/junio/dp_74.pdf,Artículo_de_investigación_74_ENG.pdf,saved,saved
Artículo de investigación,73,ESP,https://www.palermo.edu/Archivos_content/2026/cele/marzo/AI_73.pdf,Artículo_de_investigación_73_ESP.pdf,saved,saved
Documento de posición,41,ESP,https://www.palermo.edu/Archivos_content/2026/cele/abril/41_DP.pdf,Documento_de_posición_41_ESP.pdf,saved,saved
Artículo de investigación,72,ENG,https://www.palermo.edu/Archivos_content/2026/cele/marzo/AI_72.pdf,Artículo_de_investigación_72_ENG.pdf,saved,saved
Documento de posición,40,ESP,https://www.palermo.edu/Archivos_content/2026/cele/marzo/DP_40.pdf,Documento_de_posición_40_ESP.pdf,saved,saved
Trabajos publicados,,,https://policyreview.info/articles/analysis/threats-of-regulation,Trabajos_publicados_missing_01.pdf,saved,"saved, but content type looks unusual: text/html; charset=UTF-8"
Trabajos publicados,,,https://www.gp-digital.org/publication/data-access-for-researchers-within-digital-platforms-unpacking-the-human-rights-implications-practical-opportunities-and-challenges-for-the-global-majority/,Trabajos_publicados_missing_02.pdf,saved,"saved, but content type looks unusual: text/html; charset=UTF-8"
Documento de posición,39,ESP,https://www.palermo.edu/Archivos_content/2026/cele/febrero/dp39.pdf,Documento_de_posición_39_ESP.pdf,saved,saved
Documento de posición,38,ESP,https://www.palermo.edu/Archivos_content/2026/cele/febrero/DP_38.pdf,Documento_de_posición_38_ESP.pdf,saved,saved
Artículo de investigación,57b,ENG,https://www.palermo.edu/Archivos_content/2023/cele/papers/233008-reporte-regional-OSINT.pdf,Artículo_de_investigación_57b_ENG.pdf,saved,saved
Documento de posición,37,,https://www.palermo.edu/Archivos_content/2026/cele/marzo/dp_37.pdf,Documento_de_posición_37.pdf,saved,saved
Documento de posición,36,ESP,https://www.palermo.edu/Archivos_content/2025/cele/diciembre/DP_36.pdf,Documento_de_posición_36_ESP.pdf,saved,saved
Documento de posición,35,ESP,https://www.palermo.edu/Archivos_content/2025/cele/noviembre/DP_35.pdf,Documento_de_posición_35_ESP.pdf,saved,saved
Informe de jurisprudencia,5,ESP,https://observatoriolegislativocele.com/wp-content/uploads/informe-de-jurisprudencia-5-rusia.pdf,Informe_de_jurisprudencia_5_ESP.pdf,saved,saved
Trabajos publicados,,,,Trabajos_publicados_missing_03.pdf,skipped,blank Link
Documento de posición,34,ENG,https://www.palermo.edu/Archivos_content/2025/cele/abril/dp34.pdf,Documento_de_posición_34_ENG.pdf,saved,saved
Artículo de investigación,71,ESP,https://www.palermo.edu/Archivos_content/2026/cele/marzo/AI_71.pdf,Artículo_de_investigación_71_ESP.pdf,saved,saved
Documento de posición,33,ESP,https://www.palermo.edu/Archivos_content/2025/cele/agosto/08_2025_DP33.pdf,Documento_de_posición_33_ESP.pdf,saved,saved
Artículo de investigación,70,ENG,https://www.palermo.edu/Archivos_content/2025/cele/SEPTIEMBRE/dp_70.pdf,Artículo_de_investigación_70_ENG.pdf,saved,saved
Artículo de investigación,69,ENG,https://www.palermo.edu/Archivos_content/2025/cele/SEPTIEMBRE/dp_69.pdf,Artículo_de_investigación_69_ENG.pdf,saved,saved
Documento de posición,32,ENG,https://www.palermo.edu/Archivos_content/2025/cele/agosto/08_2025_DP32.pdf,Documento_de_posición_32_ENG.pdf,saved,saved
Documento de posición,31,ENG,https://www.palermo.edu/Archivos_content/2025/cele/agosto/08_2025_DP31.pdf,Documento_de_posición_31_ENG.pdf,saved,saved
Documento de posición,30,ENG,https://www.palermo.edu/Archivos_content/2025/cele/agosto/07_2025_DP30.pdf,Documento_de_posición_30_ENG.pdf,saved,saved
Documento de posición,29,ENG,https://www.palermo.edu/Archivos_content/2025/cele/julio/07_2025_DP29.pdf,Documento_de_posición_29_ENG.pdf,saved,saved
Documento de posición,28,ESP,https://www.palermo.edu/Archivos_content/2025/cele/julio/07_2025_DP_28.pdf,Documento_de_posición_28_ESP.pdf,saved,saved
Artículo de investigación,68,ENG,https://www.palermo.edu/Archivos_content/2025/cele/julio/dp_68.pdf,Artículo_de_investigación_68_ENG.pdf,saved,saved
Informe de jurisprudencia,4,ESP,https://www.palermo.edu/Archivos_content/2025/cele/junio/06_2025_DP28.pdf,Informe_de_jurisprudencia_4_ESP.pdf,saved,saved
Informe de jurisprudencia,3,ESP,https://observatoriolegislativocele.com/wp-content/uploads/informe-jurisprudencia-mexico-3.pdf,Informe_de_jurisprudencia_3_ESP.pdf,saved,saved
Informe de jurisprudencia,2,ESP,https://observatoriolegislativocele.com/wp-content/uploads/Informe-jurisprudencia-brasil-n%C2%B02.pdf,Informe_de_jurisprudencia_2_ESP.pdf,saved,saved
Informe legislativo,15,ESP,https://observatoriolegislativocele.com/wp-content/uploads/Informe-legislativo-15-RD.pdf,Informe_legislativo_15_ESP.pdf,saved,saved
Documento de posición,27,ENG,https://www.palermo.edu/Archivos_content/2025/cele/mayo/dp27.pdf,Documento_de_posición_27_ENG.pdf,saved,saved
Documento de posición,26,ENG,https://www.palermo.edu/Archivos_content/2025/cele/mayo/25_05_2025_DP_26.pdf,Documento_de_posición_26_ENG.pdf,saved,saved
Artículo de investigación,67,ESP,https://www.palermo.edu/Archivos_content/2025/cele/junio/05_2025_AI_67_.pdf,Artículo_de_investigación_67_ESP.pdf,saved,saved
Artículo de investigación,66,ENG,https://www.palermo.edu/Archivos_content/2025/cele/julio/ssrn-5265938%20(1).pdf,Artículo_de_investigación_66_ENG.pdf,saved,saved
Artículo de investigación,63,ENG,https://www.palermo.edu/Archivos_content/2025/cele/abril/2025_04_24_Regulatory_Modeling.pdf,Artículo_de_investigación_63_ENG_01.pdf,saved,saved
Artículo de investigación,65,ENG,,Artículo_de_investigación_65_ENG.pdf,skipped,blank Link
Documento de posición,25,ESP,https://www.palermo.edu/Archivos_content/2025/cele/abril/2025_04_08_CELE_MESECVI.pdf,Documento_de_posición_25_ESP.pdf,saved,saved
Informe legislativo,14,,https://observatoriolegislativocele.com/wp-content/uploads/Informe-legislativo-14-Colombia.pdf,Informe_legislativo_14.pdf,failed,HTTP Error 404: Not Found
Informe legislativo,13,,https://observatoriolegislativocele.com/wp-content/uploads/Informe-legislativo-13-Brasil.pdf,Informe_legislativo_13_01.pdf,failed,HTTP Error 404: Not Found
Informe legislativo,13,,https://observatoriolegislativocele.com/wp-content/uploads/ley-medios-uruguay-1-3.pdf,Informe_legislativo_13_02.pdf,saved,saved
Informe legislativo,12,,https://observatoriolegislativocele.com/wp-content/uploads/240731-chile-proyecto-de-ley.pdf,Informe_legislativo_12_01.pdf,saved,saved
,,,,missing_missing_01.pdf,skipped,blank Link
11,,"CELE, “La penalización de actos de blasfemia en Dinamarca.",,"11_missing_CELE,_“La_penalización_de_actos_de_blasfemia_en_Dinamarca.pdf",skipped,blank Link
,,,,missing_missing_02.pdf,skipped,blank Link
Informe legislativo,10,,https://observatoriolegislativocele.com/wp-content/uploads/Informe-legislativo-10_2023.pdf,Informe_legislativo_10.pdf,saved,saved
Artículo de investigación,64,ESP,https://www.palermo.edu/Archivos_content/2025/cele/febrero/AI_64_ESP.pdf,Artículo_de_investigación_64_ESP.pdf,saved,saved
Artículo de investigación,64,ENG,https://www.palermo.edu/Archivos_content/2025/cele/febrero/AI64.pdf,Artículo_de_investigación_64_ENG.pdf,saved,saved
Trabajos publicados,,,,Trabajos_publicados_missing_04.pdf,skipped,blank Link
Informe de jurisprudencia,1,,https://observatoriolegislativocele.com/wp-content/uploads/250122-jurisprudencia-casos-controvertidos.pdf,Informe_de_jurisprudencia_1.pdf,saved,saved
Documento de posición,24,,https://www.palermo.edu/Archivos_content/2025/cele/enero/2025-01-14-DP24-CELE.pdf,Documento_de_posición_24.pdf,saved,saved
Documento de posición,23,,https://www.palermo.edu/Archivos_content/2025/cele/enero/2025_01_20_DP23_.pdf,Documento_de_posición_23.pdf,saved,saved
Artículo de investigación,CANCEL,,https://www.giga-net.org/wp-content/uploads/2023/10/regulatory_threats_v7.pdf,Artículo_de_investigación_CANCEL.pdf,saved,saved
Artículo de investigación,63,ESP,https://www.palermo.edu/Archivos_content/2025/cele/abril/2025_04_24_Regulatory_Modeling.pdf,Artículo_de_investigación_63_ESP.pdf,saved,saved
Documento de posición,22,ENG,https://www.palermo.edu/Archivos_content/2024/cele/diciembre/2024_12_10_DP22_CELE%20(1).pdf,Documento_de_posición_22_ENG.pdf,saved,saved
Artículo de investigación,63,ENG,https://www.palermo.edu/Archivos_content/2024/cele/septiembre/2024_09_30_addressing_internet_disinformation_CELE.pdf,Artículo_de_investigación_63_ENG_02.pdf,saved,saved
Artículo de investigación,62,ESP,https://www.palermo.edu/Archivos_content/2024/cele/octubre/2024_11_11_desinformacion_CELE.pdf,Artículo_de_investigación_62_ESP.pdf,saved,saved
Documento de posición,21,,https://www.palermo.edu/Archivos_content/2024/cele/octubre/2014_10_04_DP21_CELE.pdf,Documento_de_posición_21.pdf,saved,saved
Documento de posición,20,,https://www.palermo.edu/Archivos_content/2024/cele/septiembre/2024_09_30_DP20_CELE.pdf,Documento_de_posición_20.pdf,saved,saved
Documento de posición,19,,https://www.palermo.edu/Archivos_content/2024/cele/agosto/amicus-colombia/2024_08_CELE_DP19.pdf,Documento_de_posición_19.pdf,saved,saved
Documento de posición,18,,https://www.palermo.edu/Archivos_content/2024/cele/agosto/amicus-paraguay/TEDIC_et_al_DP18.pdf,Documento_de_posición_18.pdf,saved,saved
Trabajos publicados,61,,https://www.palermo.edu/Archivos_content/2024/cele/agosto/la-ley/2024_08_Zara_DelCampo_AI61.pdf,Trabajos_publicados_61.pdf,saved,saved
Documento de posición,17,ENG,https://www.palermo.edu/Archivos_content/2024/cele/agosto/t-20/TF05_ST_06__A_Latin_American_P66d7097f98d4f.pdf,Documento_de_posición_17_ENG.pdf,saved,saved
Artículo de investigación,60,ESP,https://www.palermo.edu/Archivos_content/2024/cele/julio/paper-foro-publico/240710-a-proposito-metafora-de-rrss.pdf,Artículo_de_investigación_60_ESP.pdf,saved,saved
Documento de posición,16,,https://www.palermo.edu/Archivos_content/2024/cele/marzo/2024_03_07_DP16.pdf,Documento_de_posición_16.pdf,saved,saved
Documento de posición,15,,https://docs.google.com/document/d/1ciBvMEx4M5qQGk7mCTI962b-6s3gpAt8/edit?usp=sharing&ouid=103019842338573833357&rtpof=true&sd=true,Documento_de_posición_15.pdf,saved,"saved, but content type looks unusual: text/html; charset=utf-8"
Documento de posición,14,,https://www.palermo.edu/Archivos_content/2024/cele/paper-dsa/dsa.pdf,Documento_de_posición_14.pdf,saved,saved
Documento de posición,13,,https://www.palermo.edu/Archivos_content/2024/cele/mayo/2024_05_09_DP13_CELE.pdf,Documento_de_posición_13.pdf,saved,saved
Artículo de investigación,59,,https://www.palermo.edu/Archivos_content/2024/cele/abril/paper-tedic/violencia-genero-libertad-expresion%20(2).pdf,Artículo_de_investigación_59.pdf,saved,saved
Artículo de investigación,58,,https://www.palermo.edu/Archivos_content/2023/cele/papers/231115-Bertoni-reporte-inicial-OSINT.pdf,Artículo_de_investigación_58.pdf,saved,saved
Documento de posición,12,,https://www.palermo.edu/Archivos_content/2023/cele/papers/Amicus_Colombia.pdf,Documento_de_posición_12.pdf,saved,saved
Documento de posición,11,,https://www.palermo.edu/Archivos_content/2023/cele/CELE_ai_submission_v1.pdf,Documento_de_posición_11.pdf,saved,saved
Trabajos publicados,,ENG,https://intellectdiscover.com/content/journals/10.1386/jdmp_00120_1?fmt=rss,Trabajos_publicados_missing_ENG.pdf,saved,"saved, but content type looks unusual: application/rss+xml;charset=UTF-8"
Artículo de investigación,57b,,https://www.palermo.edu/Archivos_content/2023/cele/papers/233008-reporte-regional-OSINT.pdf,Artículo_de_investigación_57b.pdf,saved,saved
Documento de posición,10,,https://www.palermo.edu/Archivos_content/2023/cele/papers/CELE_submission_Glossary.pdf,Documento_de_posición_10_01.pdf,saved,saved
Documento de posición,10,,https://www.palermo.edu/Archivos_content/2023/cele/papers/Amicus-CELE.pdf,Documento_de_posición_10_02.pdf,saved,saved
,,,,missing_missing_03.pdf,skipped,blank Link
9,,"Matías Gonzalez Mama y Lina Paola Velásquez Veloza, “Nuevas discusiones sobre el proyecto de ley de noticias falsas en Brasil.",,"9_missing_Matías_Gonzalez_Mama_y_Lina_Paola_Velásquez_Veloza,_“Nuevas_discusiones_sobre_el_proyecto_de_ley_de_noticias_falsas_en_Brasil.pdf",skipped,blank Link
,,,,missing_missing_04.pdf,skipped,blank Link
Informe legislativo,8,,https://www.palermo.edu/Archivos_content/2022/cele/papers/iniciativas-legislativas-sobre-privacidad.pdf,Informe_legislativo_8.pdf,saved,saved
Informe legislativo,7,,https://observatoriolegislativocele.com/wp-content/uploads/Reporte-3-La-nueva-Ley-de-Mercados-Digitales-europea.docx.pdf,Informe_legislativo_7.pdf,saved,saved
Informe legislativo,6,,https://observatoriolegislativocele.com/wp-content/uploads/Reporte-2-La-nueva-Ley-de-Servicios-Digitales-europea.docx.pdf,Informe_legislativo_6.pdf,saved,saved
Informe legislativo,5,,https://observatoriolegislativocele.com/wp-content/uploads/Reporte-8_-Argentina-Proyecto-de-Ley-de-Proteccion-de-Datos-Personales.pdf,Informe_legislativo_5.pdf,saved,saved
Informe legislativo,4,,https://observatoriolegislativocele.com/wp-content/uploads/Reporte-5_-Estados-Unidos-Ley-de-Florida-SB-7072-sobre-moderacion-de-contenidos-en-las-redes-sociales.pdf,Informe_legislativo_4.pdf,saved,saved
Informe legislativo,3,,https://observatoriolegislativocele.com/wp-content/uploads/Reporte-7_-Reino-Unido-Proyecto-de-ley-de-seguridad-en-linea.pdf,Informe_legislativo_3.pdf,saved,saved
Informe legislativo,2,,https://observatoriolegislativocele.com/wp-content/uploads/Reporte-4_-Canada-Online-Streaming-Act.pdf,Informe_legislativo_2.pdf,saved,saved
Informe legislativo,1,,https://observatoriolegislativocele.com/wp-content/uploads/Reporte-1_-Reino-Unido-Recomendaciones-sobre-Leyes-sobre-crimenes-de-odio.pdf,Informe_legislativo_1.pdf,saved,saved
Artículo de investigación,57a,ESP,https://www.palermo.edu/Archivos_content/2023/cele/papers/230621-reporte-OSINT.pdf,Artículo_de_investigación_57a_ESP.pdf,saved,saved
Artículo de investigación,55,ENG,https://www.palermo.edu/Archivos_content/2023/cele/papers/Requiring-the-local-presence-of-ICT.pdf,Artículo_de_investigación_55_ENG.pdf,saved,saved
Trabajos publicados,,ESP,https://rchdt.uchile.cl/index.php/RCHDT/article/view/65368/72153,Trabajos_publicados_missing_ESP_01.pdf,saved,"saved, but content type looks unusual: text/html; charset=utf-8"
Artículo de investigación,56,ESP,https://www.palermo.edu/Archivos_content/2023/cele/papers/230314-Supervision-de-la-plataforma.pdf,Artículo_de_investigación_56_ESP.pdf,saved,saved
Artículo de investigación,56,ENG,https://www.palermo.edu/Archivos_content/2022/cele/noviembre/paper-cele/Platform-Oversight.pdf,Artículo_de_investigación_56_ENG.pdf,saved,saved
Artículo de investigación,55,ESP,https://www.palermo.edu/Archivos_content/2022/cele/papers/exigencia-de-presencia-local-empresas-TIC-1.pdf,Artículo_de_investigación_55_ESP.pdf,saved,saved
Trabajos publicados,,ESP,https://revistajuridica.utdt.edu/ojs/index.php/ratj/article/view/436,Trabajos_publicados_missing_ESP_02.pdf,saved,"saved, but content type looks unusual: text/html; charset=utf-8"
Artículo de investigación,54,ENG,https://www.palermo.edu/Archivos_content/2022/cele/julio/papers/supporting-media-viability-in-the-americas.pdf,Artículo_de_investigación_54_ENG.pdf,saved,saved
Artículo de investigación,54,ESP,https://www.palermo.edu/Archivos_content/2022/cele/julio/papers/viabilidad-mediatica-en-america-latina.pdf,Artículo_de_investigación_54_ESP.pdf,saved,saved
Artículo de investigación,53,,https://www.palermo.edu/Archivos_content/2022/cele/papers/La-regulacion-de-la-libertad-de-expresion-America-Latina.pdf,Artículo_de_investigación_53.pdf,saved,saved
Documento de posición,9,,https://www.palermo.edu/Archivos_content/2022/cele/marzo/amicus-curiae/amicus-curiae-cele.pdf,Documento_de_posición_9.pdf,saved,saved
Artículo de investigación,52,,https://www.palermo.edu/Archivos_content/2021/cele/papers/HRIA-3.pdf,Artículo_de_investigación_52.pdf,saved,saved
Artículo de investigación,51,POR,https://www.palermo.edu/Archivos_content/2021/cele/papers/Desinformacao-e-servidores-publicos.pdf,Artículo_de_investigación_51_POR.pdf,saved,saved
Artículo de investigación,51,ENG,https://www.palermo.edu/Archivos_content/2021/cele/papers/Disinformation-and-public-officials.pdf,Artículo_de_investigación_51_ENG.pdf,saved,saved
Artículo de investigación,51,ESP,https://www.palermo.edu/Archivos_content/2021/cele/papers/Desinformacion-y-funcionarios-publicos.pdf,Artículo_de_investigación_51_ESP.pdf,saved,saved
Artículo de investigación,50,,https://www.palermo.edu/Archivos_content/2021/cele/papers/Disinformation-in-democracy%20(2).pdf,Artículo_de_investigación_50.pdf,saved,saved
Artículo de investigación,49,,https://www.palermo.edu/Archivos_content/2021/cele/papers/Responsabilidad%20de%20intermediarios%20ES.pdf,Artículo_de_investigación_49.pdf,saved,saved
Artículo de investigación,48,ENG,https://www.palermo.edu/Archivos_content/2021/cele/papers/Disinformation-and-Content-Control.pdf,Artículo_de_investigación_48_ENG.pdf,saved,saved
Artículo de investigación,48,ESP,https://www.palermo.edu/Archivos_content/2021/cele/papers/Moderacion-Covid-19.pdf,Artículo_de_investigación_48_ESP.pdf,saved,saved
Artículo de investigación,47,,https://www.palermo.edu/Archivos_content/2021/cele/datos-personales-argentina-ecuador/Datos-personales-Argentina-y-Ecuador.pdf,Artículo_de_investigación_47.pdf,saved,saved
Artículo de investigación,46,ENG,https://www.palermo.edu/Archivos_content/2021/cele/papers/Fake-news-on-the-Internet-2021.pdf,Artículo_de_investigación_46_ENG.pdf,saved,saved
Artículo de investigación,46,ESP,https://www.palermo.edu/Archivos_content/2021/cele/papers/Desinformacion-y-acciones-de-plataformas-2021.pdf,Artículo_de_investigación_46_ESP.pdf,saved,saved
Informe legislativo,,,,Informe_legislativo_missing_01.pdf,skipped,blank Link
Informe legislativo,,,https://www.palermo.edu/Archivos_content/2020/cele/diciembre/Observatorio-Brasil.pdf,Informe_legislativo_missing_02.pdf,saved,saved
Artículo de investigación,45,ENG,https://www.palermo.edu/Archivos_content/2021/cele/papers/Human-Rights-Impact-Assessments.pdf,Artículo_de_investigación_45_ENG.pdf,saved,saved
Artículo de investigación,45,ESP,,Artículo_de_investigación_45_ESP.pdf,skipped,blank Link
Artículo de investigación,44,,https://www.palermo.edu/Archivos_content/2020/cele/septiembre/La-desinformacion-en-democracia.pdf,Artículo_de_investigación_44.pdf,saved,saved
Artículo de investigación,43,ENG,https://www.palermo.edu/Archivos_content/2021/cele/papers/ICT-and-Human-Rights.pdf,Artículo_de_investigación_43_ENG.pdf,saved,saved
Artículo de investigación,43,ESP,,Artículo_de_investigación_43_ESP.pdf,skipped,blank Link
Artículo de investigación,42,,https://www.palermo.edu/Archivos_content/2020/cele/octubre/libertad-expresion/Libertad-de-expresion-y-brecha-digital-de-genero-en-Mexico.pdf,Artículo_de_investigación_42.pdf,saved,saved
Trabajos publicados,,,https://policyreview.info/pdf/policyreview-2026-1-2079.pdf,Trabajos_publicados_missing_05.pdf,saved,saved
Compilaciones,III,ENG,https://www.palermo.edu/Archivos_content/2020/cele/marzo/Libro-Internet-and-Human-Rights-III.pdf,Compilaciones_III_ENG_01.pdf,saved,saved
Compilaciones,III,ESP,https://www.palermo.edu/Archivos_content/2020/cele/marzo/Internet_y_Derechos_HumanosIII.pdf,Compilaciones_III_ESP_01.pdf,saved,saved
Artículo de investigación,41,,https://www.palermo.edu/Archivos_content/2020/cele/agosto/El-desarrollo-institucional-PADF-Canabarro.pdf,Artículo_de_investigación_41.pdf,saved,saved
Artículo de investigación,40,,https://www.palermo.edu/Archivos_content/2020/cele/agosto/Estado-democratico-de-derecho-PADF-Canela.pdf,Artículo_de_investigación_40.pdf,saved,saved
Artículo de investigación,39,,https://www.palermo.edu/Archivos_content/2019/cele/noviembre/Humor-y-libertad-de-expresion.pdf,Artículo_de_investigación_39.pdf,saved,saved
Informe legislativo,,,https://www.palermo.edu/Archivos_content/2019/cele/octubre/libertad-de-expresion-y-discurso-Chile.pdf,Informe_legislativo_missing_03.pdf,saved,saved
Informe legislativo,,,https://www.palermo.edu/Archivos_content/2019/cele/octubre/Tendencias-de-la-libertad-de-expresion-en-Colombia.pdf,Informe_legislativo_missing_04.pdf,saved,saved
Informe legislativo,12,,https://www.palermo.edu/Archivos_content/2019/cele/octubre/Tendencias-de-la-libertad-de-expresion-en-Guatemala.pdf,Informe_legislativo_12_02.pdf,saved,saved
Informe legislativo,11,,https://www.palermo.edu/Archivos_content/2019/cele/octubre/Tendencias-legislativas-en-Paraguay.pdf,Informe_legislativo_11.pdf,saved,saved
Artículo de investigación,38,,https://www.palermo.edu/Archivos_content/2019/cele/octubre/Los-guardianes-ley-de-acceso-info.pdf,Artículo_de_investigación_38.pdf,saved,saved
Compilaciones,III,ENG,https://www.palermo.edu/Archivos_content/2019/cele/Mayo/Towards-an-internet-free-of-censorship-Web.pdf,Compilaciones_III_ENG_02.pdf,saved,saved
Artículo de investigación,37,,https://www.palermo.edu/Archivos_content/2019/cele/Junio/Considering-Facebook-Oversight-Board.pdf,Artículo_de_investigación_37.pdf,saved,saved
Compilaciones,III,ESP,https://www.palermo.edu/Archivos_content/2019/cele/Mayo/Hacia-una-Internet-libre-de-censura-III.pdf,Compilaciones_III_ESP_02.pdf,saved,saved
Artículo de investigación,36,,https://www.palermo.edu/Archivos_content/2020/cele/febrero/Secretos-y-mentiras-WhatsApp-y-las-redes-sociales%20.pdf,Artículo_de_investigación_36.pdf,saved,saved
Artículo de investigación,35,,https://www.palermo.edu/Archivos_content/2020/cele/febrero/WhatsApp-politica-movil-y-desinformacion.pdf,Artículo_de_investigación_35.pdf,saved,saved
Artículo de investigación,34,,https://www.palermo.edu/Archivos_content/2019/cele/Abril/Los-discursos-de-odio_Torres-y-Taricco.pdf,Artículo_de_investigación_34.pdf,saved,saved
Artículo de investigación,33,ENG,https://www.palermo.edu/Archivos_content/2019/cele/Mayo/Implementing-Digital-Oblivion-Forgetting-Details.pdf,Artículo_de_investigación_33_ENG.pdf,saved,saved
Artículo de investigación,33,ESP,https://www.palermo.edu/cele/libertad-de-expresion/pdf/La-implementacion-del-olvido-digital-CELE-enero-2019.pdf,Artículo_de_investigación_33_ESP.pdf,saved,saved
Compilaciones,,ESP,https://www.palermo.edu/cele/pdf/Libertad-de-expresion-e-internet.pdf,Compilaciones_missing_ESP.pdf,saved,saved
Informe legislativo,,,https://www.palermo.edu/cele/pdf/Libertad_de_expresion_en_Argentina.pdf,Informe_legislativo_missing_05.pdf,saved,saved
Informe legislativo,,,https://www.palermo.edu/cele/pdf/Libertad_de_expresion_en_Ecuador.pdf,Informe_legislativo_missing_06.pdf,saved,saved
Informe legislativo,,,https://www.palermo.edu/cele/pdf/Libertad_de_expresion_en_Mexico.pdf,Informe_legislativo_missing_07.pdf,saved,saved
Informe legislativo,,,https://www.palermo.edu/cele/pdf/Libertad_de_expresion_en_Peru.pdf,Informe_legislativo_missing_08.pdf,saved,saved
Artículo de investigación,32,,https://www.palermo.edu/cele/pdf/Content_Moderation.pdf,Artículo_de_investigación_32.pdf,saved,saved
Artículo de investigación,31,,https://www.palermo.edu/cele/pdf/Policy_Brief_Non_Consensual_Pornography.pdf,Artículo_de_investigación_31.pdf,saved,saved
Artículo de investigación,30,ENG,https://www.palermo.edu/Archivos_content/2019/cele/Mayo/Fake-news-strategy-to-battle-misinformation.pdf,Artículo_de_investigación_30_ENG.pdf,saved,saved
Artículo de investigación,30,ESP,https://www.palermo.edu/cele/pdf/FakeNews.pdf,Artículo_de_investigación_30_ESP.pdf,saved,saved
Trabajos publicados,,,https://www.palermo.edu/cele/libertad-de-expresion/Guia_para_jueces_y_periodistas.pdf,Trabajos_publicados_missing_06.pdf,saved,saved
Documento de posición,8,,https://www.palermo.edu/cele/libertad-de-expresion/AMICUS_PANDO_VERSION_FINAL.pdf,Documento_de_posición_8.pdf,saved,saved
Compilaciones,II,ESP,https://www.palermo.edu/cele/pdf/investigaciones/Hacia_una_internet_libre_de_censura_II.pdf,Compilaciones_II_ESP_01.pdf,saved,saved
Compilaciones,II,ENG,https://www.palermo.edu/cele/pdf/investigaciones/Towards_an_Internet_Free_of_Censorship_II_10-03_FINAL.pdf,Compilaciones_II_ENG.pdf,saved,saved
Artículo de investigación,28,,https://www.palermo.edu/cele/pdf/investigaciones/Policy_paper-Servicios_OTT-MLD.pdf,Artículo_de_investigación_28.pdf,saved,saved
Documento de posición,7,,https://www.palermo.edu/cele/pdf/Comentarios-del-CELE-Principios-Article-19.pdf,Documento_de_posición_7.pdf,saved,saved
Artículo de investigación,27,,https://www.palermo.edu/cele/pdf/investigaciones/Acceso_a_internet_en_Argentina.pdf,Artículo_de_investigación_27.pdf,saved,saved
Artículo de investigación,26,,https://www.palermo.edu/cele/pdf/investigaciones/Informe-Anteproyecto-Codigo-Penal.pdf,Artículo_de_investigación_26.pdf,saved,saved
Compilaciones,II,ESP,https://www.palermo.edu/cele/pdf/InternetyDDHHII.pdf,Compilaciones_II_ESP_02.pdf,saved,saved
Artículo de investigación,25,,https://www.palermo.edu/cele/pdf/Paper-regulacion-pornografia.pdf,Artículo_de_investigación_25.pdf,saved,saved
Documento de posición,6,,https://www.palermo.edu/cele/pdf/Policy_Paper_Derecho_al_Olvido.pdf,Documento_de_posición_6.pdf,saved,saved
Artículo de investigación,24,,https://www.palermo.edu/cele/pdf/MERCADOS-PROPIEDAD-EXPRESION-Y-USO-PERSONAL.pdf,Artículo_de_investigación_24.pdf,saved,saved
Informe legislativo,,,https://unesdoc.unesco.org/ark:/48223/pf0000231162,Informe_legislativo_missing_09.pdf,saved,"saved, but content type looks unusual: text/html"
Artículo de investigación,23,,https://www.palermo.edu/cele/pdf/Paper-IoT-DEF.pdf,Artículo_de_investigación_23.pdf,saved,saved
Artículo de investigación,22,,https://www.palermo.edu/cele/pdf/CELE_GobernanzaDeInternet.pdf,Artículo_de_investigación_22.pdf,saved,saved
Documento de posición,5,,https://www.palermo.edu/cele/pdf/PRESENTA-AMICUS-CURIAE-BERTONI.pdf,Documento_de_posición_5.pdf,saved,saved
Trabajos publicados,,,https://unesdoc.unesco.org/ark:/48223/pf0000227740,Trabajos_publicados_missing_07.pdf,saved,"saved, but content type looks unusual: text/html"
Documento de posición,4,,https://www.palermo.edu/cele/pdf/Solicitud-Audiencia-Internet-DDHH.pdf,Documento_de_posición_4.pdf,saved,saved
Artículo de investigación,20,,https://www.palermo.edu/cele/pdf/investigaciones/Mapping-ARG-CELE.pdf,Artículo_de_investigación_20.pdf,saved,saved
Documento de posición,3,,https://www.palermo.edu/cele/pdf/Carta-DDHH-&-Internet-Espanol.pdf,Documento_de_posición_3.pdf,saved,saved
Artículo de investigación,19,,https://www.palermo.edu/cele/pdf/Hacia_una_Politica_Integral.pdf,Artículo_de_investigación_19.pdf,saved,saved
Compilaciones,I,ESP,https://www.palermo.edu/cele/pdf/InternetyDDHH.pdf,Compilaciones_I_ESP_01.pdf,saved,saved
Artículo de investigación,18,,https://bibliotecadigital.indh.cl/bitstream/handle/123456789/627/cuadernillo?sequence=1,Artículo_de_investigación_18.pdf,failed,<urlopen error [Errno 61] Connection refused>
Artículo de investigación,17,,https://www.palermo.edu/cele/pdf/La-proteccion-del-derecho-de-autor-como-una-tension-interna.pdf,Artículo_de_investigación_17.pdf,saved,saved
Artículo de investigación,16,,https://www.palermo.edu/cele/pdf/PaperNeutralidadFinal.pdf,Artículo_de_investigación_16.pdf,saved,saved
Artículo de investigación,14,,https://www.palermo.edu/cele/pdf/LasLlavesDelAmaDeLlaves.pdf,Artículo_de_investigación_14.pdf,saved,saved
Artículo de investigación,12,,https://www.palermo.edu/cele/pdf/DerechoalolvidoiLEI.pdf,Artículo_de_investigación_12.pdf,saved,saved
Documento de posición,2,,https://www.palermo.edu/Archivos_content/derecho/pdf/amicus-corte-const-ecuador-HRW-CELE-1.pdf,Documento_de_posición_2.pdf,saved,saved
Artículo de investigación,11,,https://www.palermo.edu/cele/pdf/DatosPersonales_Final.pdf,Artículo_de_investigación_11.pdf,saved,saved
Informe legislativo,,,https://unesdoc.unesco.org/ark:/48223/pf0000218273,Informe_legislativo_missing_10.pdf,saved,"saved, but content type looks unusual: text/html"
Artículo de investigación,10,,https://www.palermo.edu/cele/pdf/PaperdominiosCELEFINAL-1.pdf,Artículo_de_investigación_10.pdf,saved,saved
Artículo de investigación,9,,https://www.palermo.edu/cele/pdf/Calumnias-e-Injurias.pdf,Artículo_de_investigación_9.pdf,saved,saved
Documento de posición,1,,https://www.palermo.edu/cele/pdf/Amicus-Curie-CELE.pdf,Documento_de_posición_1.pdf,saved,saved
Artículo de investigación,8,,https://www.palermo.edu/cele/pdf/NS-AI.pdf,Artículo_de_investigación_8.pdf,saved,saved
Artículo de investigación,7,,https://www.palermo.edu/cele/pdf/El-deseo-de-observar-la-red.pdf,Artículo_de_investigación_7.pdf,saved,saved
Artículo de investigación,6,,https://www.palermo.edu/Archivos_content/2020/cele/publicaciones/Despenalizacion-de-la-expresion-en-Argentina.pdf,Artículo_de_investigación_6.pdf,saved,saved
Informe legislativo,,,https://www.osce.org/fom/89577,Informe_legislativo_missing_11.pdf,saved,"saved, but content type looks unusual: text/html; charset=UTF-8"
Artículo de investigación,5,,https://www.palermo.edu/cele/pdf/acceso-informacion/Documento1_Informe_Completo.pdf,Artículo_de_investigación_5.pdf,saved,saved
Artículo de investigación,4,,https://www.palermo.edu/cele/pdf/investigaciones/la-tension-entre-la-proteccion-de-la-propiedad-intelectual.pdf,Artículo_de_investigación_4.pdf,saved,saved
Compilaciones,I,ESP,https://www.palermo.edu/cele/pdf/internet_libre_de_censura_libro.pdf,Compilaciones_I_ESP_02.pdf,saved,saved
Artículo de investigación,3,,https://www.palermo.edu/cele/pdf/Promocion-AIP-sistema-educativo-Diciembre-2011.pdf,Artículo_de_investigación_3.pdf,saved,saved
Informe legislativo,,,https://www.palermo.edu/cele/pdf/investigaciones/AU-Draft-Model-Law-CELE.pdf,Informe_legislativo_missing_12.pdf,saved,saved
Artículo de investigación,2,,https://www.palermo.edu/cele/pdf/noticias/AI-training-final.pdf,Artículo_de_investigación_2.pdf,saved,saved
Artículo de investigación,1,,https://www.palermo.edu/cele/pdf/noticias/recomendaciones-del-senado.pdf,Artículo_de_investigación_1.pdf,saved,saved
Informe legislativo,,,https://www.palermo.edu/cele/pdf/noticias/cele-cabanchik.pdf,Informe_legislativo_missing_13.pdf,saved,saved
Informe legislativo,,,https://www.palermo.edu/cele/pdf/Presentacion-senado.pdf,Informe_legislativo_missing_14.pdf,saved,saved
