Tipo,País,Número,Año,Origen,Estado,Autor,Objeto,Tema,Tema 2,Tema 3,Modifica una ley,Ley que modifica,Regula moderación de contenido,Incluye sanciones,Test tripartito
Proyecto de ley,Argentina,2536-D-2025,2025,Diputados,En trámite,Julio Cobos-Unión Cívica Radical,CODIGO NACIONAL ELECTORAL - LEY 19945 - DECRETO 2135/83 -. MODIFICACIONES SOBRE PROTECCION DEL REGIMEN ELECTORAL FRENTE A LA DESINFORMACION GENERADA POR CONTENIDOS MANIPULADOS,Electoral,Generación de contenido falso,No aplica,Si,Código electoral,Si,No,No aplica
Proyecto de ley,Argentina,2903-D-2025,2025,Diputados,En trámite,Danya Tavela-Democracia para siempre,Establecer un marco legal para la implementación de sistemas de Inteligencia Artificial por parte de la Administración Pública Nacional,Marco general,Protección de datos personales,No aplica,No,No aplica,No,No,No aplica
Proyecto de ley,Argentina,0604-S-2025,2025,Senado,En trámite,Maria Huala-Propuesta Republicana,"Asegurar la incorporación a la enseñanza y el aprendizaje de contenidos relacionados con la Tecnología digital, la Inteligencia Artificial (IA), datos, robótica y programación, en la currícula educativa de todos los niveles y modalidades del Sistema Educativo Nacional, con el fin de promover el desarrollo de competencias digitales y tecnológicas en los estudiantes",Educación,No aplica,No aplica,No,No aplica,No,No,No aplica
Proyecto de ley,Argentina,1937-D-2025,2025,Diputados,En trámite,Gabriel Chumpitaz-Pro,"Regular el desarrollo, implementación y uso de la inteligencia artificial (IA) en el territorio nacional, garantizando la protección de los derechos fundamentales de las personas, en particular la protección de sus datos personales, y promoviendo un entorno seguro, ético, transparente e inclusivo para la innovación tecnológica",Marco general,Protección de datos personales,No aplica,No,No aplica,No,"Si, civiles",No aplica
Proyecto de ley,Argentina,2130-D-2025,2025,Diputados,En trámite,Daniel Gollan-Unión por la patria,"Establecer un marco legal para el desarrollo, implementación y uso responsable de sistemas de inteligencia artificial (IA) en Argentina",Marco general,Protección de datos personales,Generación de contenido falso,Si,"Código civil, código penal y ley de datos personales",No,Ambas,No cumple
Proyecto de ley,Argentina,2300-D-2025,2025,Diputados,En trámite,Manuel Aguirre-Democracia para todos,"Protección de la privacidad, la dignidad y los derechos fundamentales de las personas frente a la manipulación de imágenes a través de la inteligencia artificial (IA) que alteren su imagen en situaciones de desnudez no consentida o en contextos difamatorios.",Generación de imágenes íntimas no consentidas,No aplica,No aplica,Si,Código penal,Si,"Si, penales",No cumple
Proyecto de ley,Argentina,2578-D-2025,2025,Diputados,En trámite,Oscar Agost-Encuentro Republicano Federal,"Créase en el ámbito del Congreso de la Nación la Comisión Bicameral de Seguimiento de la Inteligencia Artificial. Esta comisión tendrá por objeto monitorear, analizar y proponer iniciativas legislativas relacionadas con el desarrollo, implementación y regulación de la inteligencia artificial en la República Argentina",Otros,No aplica,No aplica,No,No aplica,No,No,No aplica
Proyecto de ley,Argentina,0070-S-2025,2025,Senado,En trámite,Juan Carlos Romero-Cambio Federal,Reproducción del expediente S2469/23,Generación de imágenes íntimas no consentidas,Protección de la niñez,No aplica,Si,Código penal,No,"Si, penales",No cumple
Proyecto de ley,Argentina,71/25,2025,Senado,En trámite,Juan Carlos Romero-Cambio Federal,Reproducción proyecto 1747/2023,Marco general,No aplica,No aplica,No,No aplica,No,No,No aplica
Proyecto de ley,Argentina,78/25,2025,Senado,En trámite,Eduardo Galaretto-Unión Cívica Radical,"Declarar de interés la 1ª edición de la Conferencia de Inteligencia Artificial de Rosario (ConfIAR 2025), que se llevará a cabo el 7 de marzo de este año a las 18 hs, en la explanada del Museo Municipal de Bellas Artes Juan B. Castagnino, organizada por el Instituto de Inteligencia Artificial del Colegio de Abogados de Rosario, 2da circunscripción, provincia de Santa Fe.",Otros,No aplica,No aplica,No,No aplica,No,No,No aplica
Proyecto de ley,Argentina,0345-D-2025,2025,Cámara de Diputados,En trámite,Pamela Calletti-Innovación Federal,"Créase el Consejo Federal de Inteligencia Artificial, en adelante “el Consejo”, que tendrá como tarea principal y misión incentivar y promover la investigación, estudio, concientización, sensibilización y difusión de información pertinente sobre temáticas relacionadas a la Inteligencia Artificial (en adelante I.A.)",Otros,No aplica,No aplica,No,No aplica,No,No,No aplica
Proyecto de ley,Argentina,511/25,2025,Senado,En trámite,Silvia Sapag-Movimiento Popular Neuquino,"Promover la creación, desarrollo, innovación e implementación de sistemas de inteligencia artificial (IA) respetuosos de la democracia, el Estado de Derecho y los derechos humanos",Marco general,No aplica,No aplica,No,No aplica,No,No,No aplica
Proyecto de ley,Argentina,556/25,2025,Senado,En trámite,Silvina García-Frente para la victoria,"Créase el Instituto Nacional de Inteligencia Artificial (INIA), el cual se constituirá como un organismo descentralizado que funcionará bajo la órbita de la Secretaría de Innovación, Ciencia y Tecnología, o el organismo que en el futuro la reemplace.",Otros,No aplica,No aplica,No,No aplica,No,No,No aplica
Proyecto de ley,Argentina,2573-S-2024,2024,Senado,En trámite,Juan Carlos Romero-Cambio Federal,Reproducción del expediente S2469/23,Generación de imágenes íntimas no consentidas,Protección de la niñez,No aplica,No,No aplica,No,"Si, penales",No cumple
Proyecto de ley,Argentina,2405/2024,2024,Senado,En trámite,Sergio Leavy-Partido de la victoria,Crear en el ámbito del Congreso de la Nación la Comisión Bicameral para la Regulación Estratégica e Integral de la Inteligencia Artificial (IA).,Otros,No aplica,No aplica,No,No aplica,No,No,No aplica
Proyecto de ley,Argentina,7225-D-2024,2024,Cámara de Diputados,En trámite,María Alianiello-Partido Justicialista,INCORPORACION DE LOS ARTICULOS 128 BIS Y 131 BIS EN EL CÓDIGO PENAL SOBRE EL USO DE TECNICAS DE INTELIGENCIA ARTIFICIAL PARA LA DIFUSION DE IMAGENES DE CONTENIDO SEXUAL.,Generación de imágenes íntimas no consentidas,Protección de la niñez,No aplica,No,No aplica,Si,"Si, penales",No cumple
Proyecto de ley,Argentina,7045-D-2024,2024,Cámara de Diputados,En trámite,Pamela Calletti-Innovación Federal,DEFENSA DEL CONSUMIDOR - LEY 24240 - MODIFICACIONES SOBRE INFORMACION Y RESPONSABILIDAD DE PROVEEDORES EN EL USO DE LA INTELIGENCIA ARTIFICIAL,Derecho del consumidor,Régimen de responsbailidad,No aplica,Si,Ley del consumidor,No,"Si, civiles",No cumple
Proyecto de ley,Argentina,2285/24,2024,Senado,En trámite,Flavio Fama-Unión Cívica Radical,"PROYECTO DE LEY QUE ESTABLECE UN MARCO JURIDICO PARA EL DESARROLLO, COMERCIALIZACION, DISTRIBUCION Y UTILIZACION DE LOS SISTEMAS DE INTELIGENCIA ARTIFICIAL",Marco general,No aplica,No aplica,Si,Código penal,No,Ambas,No cumple
Proyecto de ley,Argentina,7009-D-2024,2024,Cámara de Diputados,En trámite,Silvana Giudici-Propuesta Republicana y otros,"INCORPORACION DEL ARTICULO 117 TER EN EL CÓDIGO PENAL, SOBRE USO INDEBIDO DE DATOS PERSONALES",Protección de datos personales,Generación de contenido falso,Generación de imágenes íntimas no consentidas,Si,Código penal,No,"Si, penales",No cumple
Proyecto de ley,Argentina,6156-D-2024,2024,Cámara de Diputados,En trámite,Diego Giuliano-Frente Renovador y otros,"Definir el marco legal para el desarrollo, investigación y uso de Inteligencia Artificial dentro del territorio nacional con la finalidad de preservar la protección de los derechos humanos, la privacidad y la seguridad de los ciudadanos y asegurar la democracia y el estado de derecho",Marco general,No aplica,No aplica,No,No aplica,No,No,No aplica
Proyecto de ley,Argentina,5327-D-2024,2024,Cámara de Diputados,En trámite,Gabriel Bornoroni-La Libertad Avanza,CODIGO PENAL DE LA NACION - LEY 11179 - INCORPORACION DEL ARTICULO 128 BIS SOBRE PRODUCCION O DISTRIBUCION DE FOTOGRAFIAS O VIDEOS DE ABUSO INFANTIL GENERADAS POR INTELIGENCIA ARTIFICIAL,Generación de imágenes íntimas no consentidas,Protección de la niñez,No aplica,Si,Código penal,No,"Si, penales",Cumple
Proyecto de ley,Argentina,5065-D-2024,2024,Cámara de Diputados,En trámite,Martin Yeza-Propuesta Republicana,CODIGO PENAL DE LA NACION - LEY 11179 -. MODIFICACIONES SOBRE VIOLENCIA DIGITAL,Violencia digital,Protección de datos personales,No aplica,Si,Código penal,No,"Si, penales",Cumple
Proyecto de ley,Argentina,4898-D-2024,2024,Cámara de Diputados,En trámite,Yolanda Vega-Innovación Federal,DEFENSA DEL CONSUMIDOR - LEY 24240 -. MODIFICACIONES SOBRE PROVEEDORES DE BIENES Y SERVICIOS UTILIZANDO INTELIGENCIA ARTIFICIAL - IA,Derecho del consumidor,Régimen de responsbailidad,No aplica,Si,Ley de defensa del consumidor,No,No,No aplica
Proyecto de ley,Argentina,1370/2024,2024,Senado,En trámite,Beatriz Avila-Partido por la Justicia Social,REGULA LA APLICACIÓN DE INTELIGENCIA ARTIFICIAL EN LA EDUCACION,Educación,No aplica,No aplica,No,No aplica,No,No,No aplica
Proyecto de ley,Argentina,1368/2024,2024,Senado,En trámite,Beatriz Avila-Partido por la Justicia Social,"PROYECTO DE LEY QUE ESTABLECE EL MARCO LEGAL PARA LA INVESTIGACIÓN, DESARROLLO, USO Y REGULACIÓN DE LA INTELIGENCIA ARTIFICIAL",Marco general,Régimen de responsbailidad,No aplica,No,No aplica,No,"Si, civiles",No cumple
Proyecto de ley,Argentina,3955-D-2024,2024,Cámara de Diputados,En trámite,Juan Brügge-Encuentro Republicano Federal,CODIGO PENAL DE LA NACION - LEY 11179 - MODIFICACIONES SOBRE EL USO DE LA INTELIGENCIA ARTIFICIAL PARA CREACION O MANIPULACION DE CONTENIDOS AUDIOVISUALES,Generación de contenido falso,Generación de imágenes íntimas no consentidas,No aplica,Si,Código penal,No,"Si, penales",Cumple
Proyecto de ley,Argentina,3900-D-2024,2024,Cámara de Diputados,En trámite,Silvana Ginocchio-Partido Justicialista,CREACION DEL OBSERVATORIO FEDERAL SOBRE INTELIGENCIA ARTIFICIAL -O.F.I.A- EN EL AMBITO DEL PODER EJECUTIVO NACIONAL,Otros,No aplica,No aplica,No,No aplica,No,No,No aplica
Proyecto de ley,Argentina,1181/2024,2024,Senado,En trámite,Ezequiel Atauche-Partido Renovador Federal,"Regular toda publicidad y/o propaganda gráfica, digital y/o audiovisual, que retoque a la persona humana mediante cualquier herramienta de edición digital, incluyendo la utilización de inteligencia artificial, con el fin de: garantizar transparencia, información adecuada y veraz, proteger la salud de los consumidores, y evitar la difusión de información engañosa",Identificación de contenido generado por IA,Derecho del consumidor,Régimen de responsbailidad,Si,Ley de defensa del consumidor,No,No,No aplica
Proyecto de ley,Argentina,3422-D-2024,2024,Cámara de Diputados,En trámite,Martin Yeza-Propuesta Republicana,"SISTEMA DE ENTORNOS REGULATORIOS EXPERIMENTALES, DENOMINADOS ""SANDBOX REGULATORIOS""",Otros,No aplica,No aplica,No,No aplica,No,No,No aplica
Proyecto de ley,Argentina,3003-D-2024,2024,Cámara de Diputados,En trámite,Juan Brügge-Encuentro Republicano Federal,RÉGIMEN JURIDICO APLICABLE PARA EL USO RESPONSABLE DE LA INTELIGENCIA ARTIFICIAL EN LA REPÚBLICA ARGENTINA,Marco general,Régimen de responsbailidad,No aplica,No,No aplica,No,"Si, civiles",No aplica
Proyecto de ley,Argentina,959/24,2024,Senado,En trámite,Maria Huala-Propuesta Republicana,SELLO DE AGUA EN CONTENIDO AUDIOVISUAL ELABORADO CON INTELIGENCIA ARTIFICIAL EN EL QUE SE REPRESENTAN PERSONAS,Generación de contenido falso,Régimen de responsbailidad,No aplica,No,No aplica,Si,"Si, civiles",No cumple
Proyecto de ley,Argentina,1013-D-2024,2024,Cámara de Diputados,En trámite,Oscar Agost-Encuentro Republicano Federal y otros,READECUACION DEL SISTEMA LEGAL ARGENTINO POR EL IMPACTO DE LA INTELIGENCIA ARTIFICIAL. CODIGO CIVIL Y COMERCIAL DE LA NACION. PROPIEDAD INTELECTUAL - LEY 11723 -. CODIGO PENAL DE LA NACION. DATOS PERSONALES - LEY 25326,Propiedad intelectual,Generación de contenido falso,Protección de datos personales,Si,"Código civil, código comercial y código penal",No,"Si, penales",No cumple
Proyecto de ley,Argentina,0805-D-2024,2024,Cámara de Diputados,En trámite,Maximiliano Ferraro-Coalición Cívica ARI,"RESPONSABILIDAD ALGORITMICA Y PROMOCION DE LA ROBOTICA, ALGORITMOS VERDES E INTELIGENCIA ARTIFICIAL EN LA REPUBLICA ARGENTINA",Marco general,No aplica,No aplica,No,No aplica,No,No,No aplica
Proyecto de ley,Argentina,1747/23,2023,Senado,En trámite,Juan Carlos Romero-Cambio Federal,"DISPONE CONTROLAR EL DESARROLLO, IMPLEMENTACIÓN Y UTILIZACIÓN DE SISTEMAS BASADOS EN INTELIGENCIA ARTIFICIAL, DENTRO DEL TERRITORIO ARGENTINO",Marco general,No aplica,No aplica,No,No aplica,No,No,No aplica
Proyecto de ley,Argentina,2469/23,2023,Senado,En trámite,Juan Carlos Romero-Cambio Federal,"MODIFICA EL ART. 128 DEL CODIGO PENAL, RESPECTO DE SANCIONAR DELITOS CONTRA LA INTEGRIDAD SEXUAL A TRAVES DEL USO DE INTELIGENCIA ARTIFICIAL (IA) O CUALQUIER MECANISMO TECNOLÓGICO",Generación de imágenes íntimas no consentidas,Protección de la niñez,No aplica,Si,Código penal,No,"Si, penales",No cumple
Proyecto de ley,Argentina,4436-D-2023,2023,Cámara de Diputados,En trámite,Silvia Lospennato-Propuesta Republicana,"CODIGO PENAL.MODIFICACION DEL ARTICULO 128, SOBRE EL USO DE TECNICAS DE INTELIGENCIA ARTIFICIAL PARA LA DIFUSION DE IMAGENES DE CONTENIDO SEXUAL",Generación de imágenes íntimas no consentidas,Protección de la niñez,No aplica,Si,Código penal,No,"Si, penales",No cumple
Proyecto de ley,Argentina,4411-D-2023,2023,Cámara de Diputados,En trámite,Gerardo Milman-Propuesta Republicana,"CODIGO PENAL.MODIFICACION DEL ARTICULO 128, SOBRE EL USO DE TECNICAS DE INTELIGENCIA ARTIFICIAL PARA LA DIFUSION DE IMAGENES DE CONTENIDO SEXUAL.",Generación de imágenes íntimas no consentidas,Protección de la niñez,No aplica,Si,Código penal,No,"Si, penales",No cumple
Proyecto de ley,Argentina,4410-D-2023,2023,Cámara de Diputados,En trámite,Gerardo Milman-Propuesta Republicana,"OLIMPIA - LEY 27736 - MODIFICACION DEL ARTICULO 4, INCORPORANDO LA UTILIZACION DE LA INTELIGENCIA ARTIFICIAL PARA LA DIFUSION DE IMAGENES DE CONTENIDO SEXUAL",Violencia digital,Generación de imágenes íntimas no consentidas,No aplica,No,No aplica,No,No,No aplica
Proyecto de ley,Argentina,4329-D-2023,2023,Cámara de Diputados,En trámite,,REGULACION Y USO DE LA INTELIGENCIA ARTIFICIAL,Marco general,No aplica,No aplica,No,No aplica,No,"Si, civiles",No cumple
Proyecto de ley,Argentina,2505-D-2023,2023,Cámara de Diputados,En trámite,,Marco legal para la regulación del desarrollo y uso de la Inteligencia Artificial,Marco general,Régimen de responsbailidad,No aplica,No,No aplica,No,"Si, civiles",No cumple
Proyecto de ley,Argentina,2504-D-2023,2023,Cámara de Diputados,En trámite,,Ley de Regulación y Uso de la Inteligencia Artificial en la Educación,Marco general,No aplica,No aplica,No,No aplica,No,No,No aplica
Proyecto de ley,Argentina,1472-D-2023,2023,Cámara de Diputados,En trámite,,Regular el funcionamiento ético de los sistemas de Inteligencia Artificial,Marco general,No aplica,No aplica,Si,"Ley sistema nacional de ciencia, tecnología e innovación",No,No,No aplica
Proyecto de ley,Argentina,3161-D-2023,2023,Cámara de Diputados,En trámite,,CREACION DEL CONSEJO FEDERAL DE INTELIGENCIA ARTIFICIAL,Marco general,No aplica,No aplica,No,No aplica,No,No,No aplica
Proyecto de ley,Argentina,1747/23,2023,Senado,En trámite,,"PROYECTO DE LEY QUE DISPONE CONTROLAR EL DESARROLLO, IMPLEMENTACIÓN Y UTILIZACIÓN DE SISTEMAS BASADOS EN INTELIGENCIA ARTIFICIAL, DENTRO DEL TERRITORIO ARGENTINO.",Marco general,No aplica,No aplica,No,No aplica,No,No,No aplica
Proyecto de ley,Brasil,PL 2129/2025,2025,Cámara de diputados,A la espera del dictamen del ponente en la Comisión de Educación (CE),Nitinho - PSD/SE,Prevé la inclusión obligatoria de contenidos relacionados con la inteligencia artificial en el currículo de la enseñanza básica,Educación,No aplica,No aplica,No,Lei de Diretrizes e Bases da Educação Nacional,No,No,No aplica
Proyecto de ley,Brasil,PL 2462/2025,2025,Cámara de diputados,A la espera de un ponente en la Comisión de Cultura (CCULT),Ruy Carneiro - PODE/PB,"Prohíbe el uso de herramientas de inteligencia artificial para el doblaje de obras audiovisuales ofrecidas comercialmente en salas de cine, en programas de televisión en abierto y de pago y en servicios de vídeo a la carta y otras plataformas de distribución de contenidos audiovisuales por internet",Propiedad intelectual,No aplica,No aplica,No,No aplica,No,"Si, civiles",No cumple
Proyecto de ley,Brasil,PL 2687/2025,2025,Cámara de diputados,Radicado,João Daniel - PT/SE,Modifica el Decreto Ley nº 2848 de 7 de diciembre de 1940 (Código Penal) para tipificar como delito la omisión de identificar contenidos hiperrealistas generados por inteligencia artificial con potencial para inducir a error a terceros,Identificación de contenido generado por IA,Generación de contenido falso,Electoral,Si,Código penal,No,"Si, penales",No cumple
Proyecto de ley,Brasil,PL 2688/2025,2025,Cámara de diputados,Radicado,João Daniel - PT/SE,"Establece el Marco Regulatorio para el Desarrollo y Uso de la Inteligencia Artificial en Brasil, establece derechos, deberes, principios, mecanismos de gobernanza, normas de transparencia y responsabilidad civil y penal, y dicta otras disposiciones",Marco general,Identificación de contenido generado por IA,Régimen de responsbailidad,Si,Código penal,Si,Ambas,No cumple
Proyecto de ley,Brasil,PL 2799/2025,2025,Cámara de diputados,A la espera del envío del Presidente de la Cámara de Diputados,Luiz Carlos Busato - UNIÃO/RS,"Establece directrices para la prevención del racismo algorítmico en los sistemas de decisión automatizada utilizados por empresas, entidades del tercer sector y organismos públicos, y dicta otras disposiciones",Marco general,No aplica,No aplica,No,No aplica,No,"Si, civiles",No cumple
Proyecto de ley,Brasil,PL 2968/2025,2025,Cámara de diputados,A la espera del envío del Presidente de la Cámara de Diputados,Evair Vieira de Melo - PP/ES,"Modifica las Leyes nº 9.394, de 20 de diciembre de 1996, y nº 14.533, de 11 de enero de 2023, para incluir las competencias relacionadas con la inteligencia artificial como contenidos a impartir en los currículos escolares",Educación,No aplica,No aplica,Si,Ley 9394 y 14533 sobre educación escolar y educación digital,No,No,No aplica
Proyecto de ley,Brasil,PL 2983/2025,2025,Cámara de diputados,A la espera del envío del Presidente de la Cámara de Diputados,Reginaldo Veras - PV/DF,Prevé la identificación obligatoria de los contenidos audiovisuales generados por inteligencia artificial y establece medidas para proteger a los consumidores digitales,Identificación de contenido generado por IA,Derecho del consumidor,No aplica,No,No aplica,Si,Ambas,No cumple
Proyecto de ley,Brasil,PL 3003/2025,2025,Cámara de diputados,A la espera del envío del Presidente de la Cámara de Diputados,Reginaldo Veras - PV/DF,Prohíbe la sustitución de profesores por sistemas de inteligencia artificial en la enseñanza básica y superior,Educación,No aplica,No aplica,No,No aplica,No,No,No aplica
Proyecto de ley,Brasil,PL 3009/2025,2025,Cámara de diputados,A la espera del envío del Presidente de la Cámara de Diputados,David Soares - UNIÃO/SP,"Modifica la Ley nº 9.394, de 20 de diciembre de 1996, para establecer la enseñanza de la Inteligencia Artificial como componente curricular",Educación,No aplica,No aplica,Si,Ley 9394 directrices educación nacional,No,No,No aplica
Proyecto de ley,Brasil,PL 2224/2025,2025,Cámara de diputados,A la espera del dictamen del ponente en la Comisión de Educación (CE),Helio Lopes-PL/RJ,Dispone la creación de la Política Nacional de Formación de Profesores de Educación Básica en Inteligencia Artificial como Auxiliar Pedagógico para el Desarrollo de la Enseñanza y el Aprendizaje y dicta otras disposiciones,Educación,No aplica,No aplica,No,No aplica,No,No,No aplica
Proyecto de ley,Brasil,PL 1969/2025,2025,Cámara de diputados,A la espera del envío del Presidente de la Cámara de Diputados,Adilson Barroso-PL/SP,"Dispone la inclusión en la Ley nº 9.610, de 19 de febrero de 1998, de la regulación de la titularidad, autoría, registro, protección y responsabilidad civil relativa a las obras intelectuales generadas por sistemas de Inteligencia Artificial (IA)",Propiedad intelectual,Régimen de responsbailidad,No aplica,Si,Ley derechos de autor,No,"Si, civiles",No cumple
Proyecto de ley,Brasil,PL 1884/2025,2025,Cámara de diputados,A la espera del envío del Presidente de la Cámara de Diputados,Luiz Nishimori - PSD/PR,"Prevé la regulación del uso de deepfakes, establece sanciones para los usos perjudiciales y fomenta el desarrollo ético y responsable de la tecnología",Generación de contenido falso,Identificación de contenido generado por IA,No aplica,No,No aplica,No,"Si, civiles",No cumple
Proyecto de ley,Brasil,PL 2037/2025,2025,Cámara de diputados,Radicado,João Daniel - PT/SE,"Tipifica el delito de atribución fraudulenta de autoría a un tercero mediante la creación, manipulación o difusión de contenidos falsos con potencial para causar daños al honor, la imagen, la seguridad o el orden público, incluso cuando se realicen utilizando inteligencia artificial",Generación de contenido falso,No aplica,No aplica,Si,Código penal,No,"Si, penales",No cumple
Proyecto de ley,Brasil,PL 1874/2025,2025,Cámara de diputados,A la espera del envío del Presidente de la Cámara de Diputados,Duarte Jr. - PSB/MA,"Modifica la Ley n.º 13.146, de 6 de julio de 2015 (Ley brasileña para la inclusión de las personas con discapacidad), para hacer obligatorios los recursos de accesibilidad en las plataformas digitales de contenidos audiovisuales y prohíbe los cargos adicionales y la sustitución de los intérpretes de Libras por inteligencia artificial",Otros,No aplica,No aplica,Si,Ley brasileña para la inclusión de las personas con discapacidad,No,"Si, civiles",No cumple
Proyecto de ley,Brasil,PL 1614/2025,2025,Cámara de diputados,A la espera del envío del Presidente de la Cámara de Diputados,Zé Neto - PT/BA,"Modifica la Ley nº 14.533, de 11 de enero de 2023, para prever la inclusión de aspectos relacionados con la inteligencia artificial, la seguridad en la red y la protección de datos personales en la formación continua de los profesionales de la educación",Educación,No aplica,No aplica,Si,Ley educación digital,No,No,No aplica
Proyecto de ley,Brasil,PL 1291/2025,2025,Cámara de diputados,A la espera del envío del Presidente de la Cámara de Diputados,Bia Kicis - PL/DF,"Dispone la modernización del Sistema Único de Salud (SUS) a través de la implantación de la Cola Única Nacional, de la Aplicación Cola SUS Nacional, del establecimiento de metas de tiempo máximo de espera, de la remuneración por desempeño, de la atención prioritaria basada en inteligencia artificial y de la transparencia obligatoria en los datos de las colas, además de establecer sanciones para la inserción de informaciones fraudulentas, modificando la Ley nº 8.080, de 19 de septiembre de 1990",Otros,No aplica,No aplica,Si,Ley nº 8.080 salud,No,Ambas,No aplica
Proyecto de ley,Brasil,PL 1239/2025,2025,Cámara de diputados,A la espera del envío del Presidente de la Cámara de Diputados,Alberto Fraga - PL/DF e outros,"Modifica la Ley nº 8.069, de 13 de julio de 1990 - Estatuto del Niño y del Adolescente, para establecer que las imágenes generadas artificialmente, por técnica informática o por cualquier otro medio, aunque no estén vinculadas a una situación o persona real, con fines sexuales de niños o adolescentes, entran en el ámbito de aplicación del art. 241-E, y establece otras disposiciones",Protección de la niñez,Generación de imágenes íntimas no consentidas,No aplica,Si,Estatuto de infancia y adolescencia,No,No,No aplica
Proyecto de ley,Brasil,PL 1963/2025,2025,Cámara de diputados,Radicado,Marcos Tavares - PDT/RJ,Prevé la inclusión obligatoria de la asignatura de Inteligencia Artificial en los planes de estudio de la enseñanza primaria y secundaria de todas las escuelas del país y dicta otras disposiciones,Educación,No aplica,No aplica,No,No aplica,No,No,No aplica
Proyecto de ley,Brasil,PL 1956/2025,2025,Cámara de diputados,Radicado,Rafael Prudente - MDB/DF,"Modifica la Ley nº 9.394, de 20 de diciembre de 1996, que establece directrices y bases para la educación nacional, para prever la enseñanza de los fundamentos de la Inteligencia Artificial (IA) en el currículo de la enseñanza primaria y secundaria",Educación,No aplica,No aplica,Si,Ley 9394 directrices educación nacional,No,No,No aplica
Proyecto de ley,Brasil,PL 1969/2025,2025,Cámara de diputados,Radicado,Adilson Barroso - PL/SP,"Dispone la inclusión en la Ley nº 9.610, de 19 de febrero de 1998, de la regulación de la titularidad, autoría, registro, protección y responsabilidad civil relativa a las obras intelectuales generadas por sistemas de Inteligencia Artificial (IA)",Propiedad intelectual,Régimen de responsbailidad,No aplica,Modifica una ley,Ley derechos de autor,No,No,No aplica
Proyecto de ley,Brasil,PL 1310/2025,2025,Cámara de diputados,A la espera del envío del Presidente de la Cámara de Diputados,Bruno Ganem - PODE/SP,"Modifica la Ley Nº 13.756, de 12 de diciembre de 2018, que prevé el Fondo Nacional de Seguridad Pública (FNSP) y otras materias, a fin de condicionar la percepción de sus recursos a la implementación de tecnologías de inteligencia artificial en las defensorías y corregedorías de los órganos de seguridad pública, en los términos que especifica",Otros,No aplica,No aplica,Si,Ley fondo de seguridad pública,No,No,No aplica
Proyecto de ley,Brasil,PL 1893/2025,2025,Cámara de diputados,A la espera del envío del Presidente de la Cámara de Diputados,Rogéria Santos - REPUBLIC/BA,"Establece el Programa nacional de prevención y lucha contra el fraude digital mediante algoritmos e inteligencia artificial, y dicta otras disposiciones",Generación de contenido falso,No aplica,No aplica,No,No aplica,No,No,No aplica
Proyecto de ley,Brasil,PL 1243/2025,2025,Cámara de diputados,A la espera del envío del Presidente de la Cámara de Diputados,Jonas Donizette - PSB/SP,"Modifica las Leyes nº 9.279, de 1996, y nº 9.610, de 1998, para permitir el registro de seudónimos o apodos notoriamente conocidos por menores de dieciocho años, representados o asistidos por sus padres o representante legal, así como para regular los derechos conexos relativos a los contenidos multimedia generados por inteligencia artificial",Propiedad intelectual,Identificación de contenido generado por IA,No aplica,Si,Ley de propiedad intelectual y ley propiedad industrial,No,No,No aplica
Proyecto de ley,Brasil,PL 1325/2025,2025,Cámara de diputados,A la espera del envío del Presidente de la Cámara de Diputados,Silvia Waiãpi - PL/AP,Prevé la inclusión del estudio de la Inteligencia Artificial en el plan de estudios de la enseñanza primaria y establece otras disposiciones,Educación,No aplica,No aplica,No,No aplica,No,No,No aplica
Proyecto de ley,Brasil,PL 1290/2025,2025,Cámara de diputados,A la espera del envío del Presidente de la Cámara de Diputados,Hildo Rocha - MDB/MA,"Modifica la Ley nº 9.784, de 29 de enero de 1999, para regular el uso de la inteligencia artificial en los procesos administrativos, en el ámbito de la Administración Pública Federal",Marco general,Protección de datos personales,No aplica,Si,Ley proceso administrativo y administración pública,No,No,No aplica
Proyecto de ley,Brasil,PL 1685/2025,2025,Cámara de diputados,A la espera del envío del Presidente de la Cámara de Diputados,Carla Zambelli - PL/SP,"Dispone la inclusión en la Ley nº 9.610, de 19 de febrero de 1998, de la regulación de la titularidad, autoría, registro, protección y responsabilidad civil relativa a las obras intelectuales generadas por sistemas de Inteligencia Artificial (IA)",Propiedad intelectual,Régimen de responsbailidad,No aplica,Si,Ley propiedad intelectual,No,No,No cumple
Proyecto de ley,Brasil,PL 897/2025,2025,Cámara de diputados,"A la espera de un ponente en la Comisión de Ciencia, Tecnología e Innovación (CCTI)",Helio Barbosa-PL - RJ,Establece la Ley de Fomento de la Investigación en Inteligencia Artificial con Fondos procedentes de Apuestas y Loterías,Otros,No aplica,No aplica,No,No aplica,No,No,No aplica
Proyecto de ley,Brasil,PL 898/2025,2025,Cámara de diputados,"A la espera de un ponente en la Comisión de Ciencia, Tecnología e Innovación (CCTI)",Helio Barbosa-PL - RJ,Establece la Ley de Fomento de la Investigación y el Desarrollo de la Inteligencia Artificial en Brasil y dicta otras disposiciones,Educación,No aplica,No aplica,No,No aplica,No,No,No aplica
Proyecto de ley,Brasil,PL 899/2025,2025,Cámara de diputados,A la espera de un ponente en la Comisión de Educación (CE),Helio Barbosa-PL - RJ,Establece la Ley de Inclusión Digital y Desarrollo de Competencias Educativas con Inteligencia Artificial en Brasil y dicta otras disposiciones,Educación,No aplica,No aplica,No,No aplica,No,No,No aplica
Proyecto de ley,Brasil,PL 526/2025,2025,Senado,Radicado,Marx Beltrão-Progresistas,REGULA EL USO DE LA INTELIGENCIA ARTIFICIAL EN BRASIL Y DICTA OTRAS DISPOSICIONES,Marco general,Noticias falsas,No aplica,No,No aplica,No,"Si, civiles",No cumple
Proyecto de ley,Brasil,PL 4758/2024,2024,Cámara de diputados,Radicado,Yury do Paredão - MDB/CE,"Prevé la inclusión de la asignatura de Inteligencia Artificial - IA, en los planes de estudio de la educación básica y de la educación secundaria, y dicta otras disposiciones",Educación,No aplica,No aplica,No,No aplica,No,No,No aplica
Proyecto de ley,Brasil,PL 4849/2024,2024,Cámara de diputados,Acumulado con el PL 1465/2024 - A la espera del nombramiento de un ponente en la Comisión de Educación (CE),Eduardo Bismarck - PDT/CE,"Establece fundamentos, principios y directrices y la aplicación de la Inteligencia Artificial en Brasil",Marco general,No aplica,No aplica,No,No aplica,No,No,No cumple
Proyecto de ley,Brasil,PL 4589/2024,2024,Cámara de diputados,A la espera de la opinión del ponente en la Comisión de Integración Nacional y Desarrollo Regional (CINDRE),Coronel Chrisóstomo - PL/RO,"Establece el Sistema de Asistencia Automática por Inteligencia Artificial (AAIA) para su integración en los registros sociales, con el objetivo de optimizar el análisis de datos y ofrecer apoyo inmediato a las familias en situación de vulnerabilidad",Otros,No aplica,No aplica,No,No aplica,No,No,No aplica
Proyecto de ley,Brasil,PL 4768/2024,2024,Cámara de diputados,Acumulado con el PL 3488/2024 - A la espera de deliberación en la Comisión de Comunicación (CCOM),Juninho do Pneu - UNIÃO/RJ,Prevé la responsabilidad por el delito de manipulación no autorizada de imágenes,Generación de imágenes íntimas no consentidas,No aplica,No aplica,Si,Código penal,No,"Si, penales",No cumple
Proyecto de ley,Brasil,PL 4400/2024,2024,Cámara de diputados,"A la espera del dictamen del ponente en la Comisión de Ciencia, Tecnología e Innovación (CCTI)",Julio Lopes - PP/RJ,"Modifica la Ley nº 9.610 de 1998, Ley de Derecho de Autor, para regular los derechos conexos relativos a los contenidos multimedia generados por un algoritmo altamente realista de la voz o imagen de un intérprete o ejecutante identificable que simule su participación en una obra audiovisual o fonograma",Propiedad intelectual,No aplica,No aplica,Si,Ley derechos de autor,No,No,No aplica
Proyecto de ley,Brasil,PL 2775/2024,2024,Cámara de diputados,"A la espera del dictamen del ponente de la Comisión de Ciencia, Tecnología e Innovación (CCTI)",João Daniel - PT/SE,"Modifica la Ley n.º 13.709, de 14 de agosto de 2018, Ley General de Protección de Datos Personales (LGPD), para determinar los criterios que permiten el uso de datos personales para el entrenamiento y perfeccionamiento de sistemas de inteligencia artificial (IA)",Protección de datos personales,No aplica,No aplica,Si,Ley de protección de datos personales,No,No,No aplica
Proyecto de ley,Brasil,PL 2807/2024,2024,Cámara de diputados,"A la espera de un ponente en la Comisión de Bienestar Social, Infancia, Adolescencia y Familia (CPASF)",Júnior Mano - PL/CE,"Prevé la protección de las imágenes de los niños, prohibiendo el uso de sus fotos para alimentar herramientas de inteligencia artificial sin el consentimiento expreso de sus padres o representantes legales",Protección de la niñez,Protección de datos personales,No aplica,No,No aplica,No,Ambas,No cumple
Proyecto de ley,Brasil,PL 3821/24,2024,Senado,A la espera del examen del Senado federal,Amanda Gentil - PP/MA,"Modifica el Decreto Ley nº 2848, de 7 de diciembre de 1940 (Código Penal), para tipificar el delito de contenido sexual manipulado por inteligencia artificial, y la Ley nº 4737, de 15 de julio de 1965 (Código Electoral), para tipificar el delito de manipulación por inteligencia artificial de imágenes de contenido sexual en las que participen candidatos",Generación de imágenes íntimas no consentidas,Electoral,No aplica,Si,Código penal y código electoral,No,"Si, penales",No cumple
Proyecto de ley,Brasil,PL 1797/2024,2024,Cámara de diputados,Acumulado con el PL 1465/2024 - A la espera del dictamen del ponente en la Comisión de Educación (CE),Allan Garces-Partido Progressitas,"Establece normas generales para el desarrollo, la implementación y el uso responsable de sistemas de Inteligencia Artificial, con el objetivo de proteger los derechos humanos y garantizar sistemas seguros y fiables en beneficio de la persona humana.",Marco general,No aplica,No aplica,Si,Ley de protección de datos personales,No,No,No aplica
Proyecto de ley,Brasil,PL 1465/2024,2024,Cámara de diputados,Acumulado con el PL 1797/2024. A la espera del dictamen del ponente en la Comisión de Educación (CE),Júnior Mano-Partido socialista brasileño,"Establece principios, garantías, derechos y deberes para el desarrollo, implantación y aplicación de la inteligencia artificial en Brasil, con vistas a promover su uso seguro, ético y responsable.",Marco general,No aplica,No aplica,No,No aplica,No,"Si, civiles",No aplica
Proyecto de ley,Brasil,PL 841/2024,2024,Cámara de diputados,"Acumulado con el PL 10022/2018 - A la espera del nombramiento de un ponente en la Comisión de Constitución, Justicia y Ciudadanía (CCJC)",Ruy Carneiro-Partido social cristiano,"Modifica la Ley nº 8.078, de 11 de septiembre de 1990, para que sea obligatorio mostrar una advertencia a los consumidores sobre las imágenes o vídeos publicitarios producidos mediante inteligencia artificial.",Derecho del consumidor,Identificación de contenido generado por IA,No aplica,No,Ley sistema nacional defensa del consumidor,No,No,No aplica
Proyecto de ley,Brasil,PL 897/2024,2024,Cámara de diputados,"Acumulado con el PL 5938/2023 - A la espera del dictamen del ponente en la Comisión de Ciencia, Tecnología e Innovación (CCTI)",Saullo Vianna-Unión Brasil,Prevé la autenticación de los soportes digitales creados o modificados mediante Inteligencia Artificial (IA) y otras medidas.,Identificación de contenido generado por IA,No aplica,No aplica,No,No aplica,No,No,No aplica
Proyecto de ley,Brasil,PL 370/2024,2024,Cámara de diputados,A la espera del examen del Senado federal,Jandira Feghali-Partido comunista de Brasil,"Incluye un aumento del delito de violencia psicológica contra la mujer cuando se cometa mediante el uso de inteligencia artificial o cualquier otro recurso tecnológico y aumenta la pena para el delito de difusión de una escena de violación o de violación de una persona vulnerable, una escena de sexo o pornografía.",Generación de imágenes íntimas no consentidas,Violencia digital,No aplica,Si,Código penal,No,"Si, penales",No cumple
Proyecto de ley,Brasil,PL 447/2024,2024,Cámara de diputados,"Acumulado con el PL 5695/2023 - Listo para debate en la Comisión de Constitución, Justicia y Ciudadanía (CCJC)",Saullo Vianna-Unión Brasil,"Tipifica como delito la alteración de fotos, vídeos y sonidos mediante un sistema de Inteligencia Artificial con el fin de ejercer violencia contra las mujeres.",Generación de contenido falso,Violencia digital,No aplica,Si,Código penal,No,"Si, penales",No cumple
Proyecto de ley,Brasil,PL 303/2024,2024,Cámara de diputados,"A la espera de un ponente en la Comisión de Ciencia, Tecnología e Innovación (CCTI)",Júnior Mano-Partido socialista brasileño,"Modifica el art. 6 de la Ley nº 9.279, de 14 de mayo de 1996, para prever la titularidad de las invenciones generadas de forma autónoma por sistemas de inteligencia artificial.",Propiedad intelectual,No aplica,No aplica,Si,Ley de derechos de autor,No,No,No aplica
Proyecto de ley,Brasil,PL 390/2024,2024,Cámara de diputados,"Listo para su debate en la Comisión de Constitución, Justicia y Ciudadanía (CCJC)",Camila Jara-Partido de los trabajadores,Modifica la Ley nº 10.406 de 10 de enero de 2002 (Código Civil) para reconocer como fraude la publicidad de productos falsos y las estafas financieras que impliquen el uso manipulado por inteligencia artificial de imágenes y voces de personas.,Generación de contenido falso,No aplica,No aplica,Si,Código civil,No,"Si, civiles",No cumple
Proyecto de ley,Brasil,PL 842/2024,2024,Cámara de diputados,"Acumulado con el PL 5938/2023 - A la espera del dictamen del ponente en la Comisión de Ciencia, Tecnología e Innovación (CCTI)",Ruy Carneiro-Partido social cristiano,"Modifica la Ley nº 12.965, de 23 de abril de 2014 (Marco Civil da Internet), para obligar a las aplicaciones de Internet que utilicen mecanismos de inteligencia artificial para generar contenidos audiovisuales a insertar signos en los contenidos producidos.",Identificación de contenido generado por IA,No aplica,No aplica,Si,Marco civil de Internet,No,"Si, civiles",No cumple
Proyecto de ley,Brasil,PL 145/2024,2024,Senado,"Comisión de Transparencia, Gobernanza, Supervisión y Control y Protección del Consumidor A LA ESPERA DEL NOMBRAMIENTO DEL PONENTE Agotado el plazo regimental sin presentar enmiendas al proyecto de ley. Asunto pendiente de distribución.",Chico Rodrigues-Unión Brasil,"Modifica la Ley nº 8.078, de 11 de septiembre de 1990 (Código de Protección del Consumidor), para regular el uso de herramientas de inteligencia artificial con fines publicitarios y frenar la publicidad engañosa que utilice estas herramientas.",Derecho del consumidor,Identificación de contenido generado por IA,No aplica,Si,Código protección del consumidor,Si,No,No aplica
Proyecto de ley,Brasil,PL 146/2024,2024,Senado,"Comisión de Comunicación y Derecho Digital A LA ESPERA DEL NOMBRAMIENTO DEL PONENTE Devuelto por el senador Sergio Moro, para su redistribución.",Chico Rodrigues-Unión Brasil,"Modifica el Decreto-Ley nº 2848, de 7 de diciembre de 1940 (Código Penal), para establecer un aumento de pena para los delitos contra el honor y una hipótesis cualificada para el delito de falsedad de identidad, cuando se utilice tecnología de inteligencia artificial para alterar la imagen de una persona o un sonido humano.",Generación de contenido falso,No aplica,No aplica,Si,Código penal,No,"Si, penales",No cumple
Proyecto de ley,Brasil,PL 5694/2023,2023,Cámara de diputados,"A la espera de la opinión del ponente en la Comisión de Bienestar, Asistencia Social, Infancia, Adolescencia y Familia (CPASF)",Fred Linhares- Partido Republicanos,"Tipifica como delito la manipulación o adulteración de fotos, vídeos o sonidos, utilizando sistemas de inteligencia artificial, con la intención de causar vergüenza, humillación, acoso, amenazas o cualquier otro tipo de violencia contra niños o adolescentes. También aumenta la pena para los delitos relacionados con la pornografía infantil en caso de utilización de inteligencia artificial, si se manipula o adultera la escena de sexo explícito o pornografía en la que participe un niño o adolescente utilizando un sistema de inteligencia artificial.",Protección de la niñez,Generación de imágenes íntimas no consentidas,No aplica,Si,Estatuto de infancia y adolescencia,No,"Si, penales",No cumple
Proyecto de ley,Brasil,PL 5303/2023,2023,Cámara de diputados,Listo para su debate en la Comisión de Cultura (CCULT),Renata Abreu-Partido Podemos,Prevé la prestación de servicios mediante el uso de inteligencia artificial.,Marco general,Protección de datos personales,No aplica,No,No aplica,No,"Si, civiles",No cumple
Proyecto de ley,Brasil,PL 5722/2023,2023,Senado,En trámite plenaria de senado,Jorge Kajuru-Partido socialista brasileño,"Modifica el art. 216-B del Decreto-Ley nº 2848, de 7 de diciembre de 1940 - Código Penal, para aumentar la pena a quien utilice inteligencia artificial para editar una fotografía, vídeo, audio o cualquier otro registro con el fin de incluir a una persona en una escena de desnudez o un acto íntimo sexual o libidinoso.",Generación de imágenes íntimas no consentidas,No aplica,No aplica,Si,Código penal,No,"Si, penales",No cumple
Proyecto de ley,Brasil,PL 5695/2023,2023,Cámara de diputados,"Listo para su debate en la Comisión de Constitución, Justicia y Ciudadanía (CCJC)",Fred Linhares- Partido Republicanos,"Tipifica como delito la alteración de fotos, vídeos y sonido mediante un sistema de Inteligencia Artificial para cometer actos de violencia contra las mujeres.",Generación de imágenes íntimas no consentidas,Violencia digital,No aplica,Si,Ley para combatir la violencia doméstica y familiar contra la mujer,No,"Si, penales",No cumple
Proyecto de ley,Brasil,PL 5859/2023,2023,Cámara de diputados,Acumulado con el PL 3902/2023 - Listo para el orden del día de la Comisión de Comunicación (CCOM),Felipe Francischini-Unión Brasil,Prohíbe el uso de aplicaciones y programas de inteligencia artificial para crear «desnudos falsos» y establece otras disposiciones.,Generación de imágenes íntimas no consentidas,No aplica,No aplica,No,No aplica,Si,"Si, civiles",No cumple
Proyecto de ley,Brasil,PL 5931/2023,2023,Cámara de diputados,"Acumulado con el PL 1002/2023 - A la espera del dictamen del ponente en la Comisión de Constitución, Justicia y Ciudadanía (CCJC)",Carlos Chiodini-Movimiento democrático brasileño,Modifica la Ley nº 9.504 de 30 de septiembre de 1997 (Ley Electoral) para prever el uso de inteligencia artificial en la propaganda electoral.,Electoral,Identificación de contenido generado por IA,No aplica,Si,Ley electoral,Si,"Si, civiles",No cumple
Proyecto de ley,Brasil,PL 6119/2023,2023,Cámara de diputados,A la espera del dictamen del ponente en la Comisión de Defensa del Consumidor (CDC),Kim Kataguiri-Unión Brasil,"Modifica el Decreto-Ley nº 2848, de 07 de diciembre de 1940 - Código Penal, para prever el uso fraudulento de la inteligencia artificial.",Generación de contenido falso,No aplica,No aplica,Si,Código penal,No,"Si, penales",No cumple
Proyecto de ley,Brasil,PL 6211/2023,2023,Cámara de diputados,"Acumulado con el PL 5694/2023 - A la espera del dictamen del ponente en la Comisión de Bienestar, Asistencia Social, Infancia, Adolescencia y Familia (CPASF)",Renata Abreu-Partido Podemos,"Modifica la Ley nº 8.069, de 13 de julio de 1990 - Estatuto del Niño y del Adolescente, para criminalizar la creación de contenido erótico y pornográfico a partir del rostro de niños y adolescentes, por medio de sistemas de inteligencia artificial, y modifica el Decreto-Ley nº 2.848, de 7 de diciembre de 1940 - Código Penal, para criminalizar la creación de contenido erótico y pornográfico por medio de sistemas de inteligencia artificial, a partir del resto de la víctima, y sin su consentimiento.",Generación de imágenes íntimas no consentidas,No aplica,No aplica,Si,Estatuto de infancia y adolescencia y código penal,No,"Si, penales",Cumple
Proyecto de ley,Brasil,PL 4730/2023,2023,Cámara de diputados,"A la espera del dictamen del ponente en la Comisión de Constitución, Justicia y Ciudadanía (CCJC)",Delegado Polumbo-Movimiento Democrático Brasileño,"Incluir el inciso «m» en el ítem II del artículo 61 del Decreto Ley nº 2.848, de 7 de diciembre de 1940, Código Penal, prever el uso de inteligencia artificial como circunstancia agravante, y dicta otras disposiciones.",Otros,No aplica,No aplica,Si,Código penal,No,"Si, penales",No cumple
Proyecto de ley,Brasil,PL 5394/2023,2023,Cámara de diputados,"Acumulado con el PL 5342/2023 - A la espera del dictamen del ponente en la Comisión de Constitución, Justicia y Ciudadanía (CCJC)",Partido de los trabajadores,"Modifica el Decreto Ley nº 2848, de 7 de diciembre de 1940, Código Penal, para tipificar como delito la adulteración, edición o modificación de fotografías, vídeos o cualquier otra forma de representación visual relativa a la intimidad de las personas, mediante Inteligencia Artificial, y dicta otras disposiciones.",Generación de imágenes íntimas no consentidas,No aplica,No aplica,Si,Código penal,No,"Si, penales",No cumple
Proyecto de ley,Brasil,PL 5641/2023,2023,Cámara de diputados,Acumulado con el PL 3902/2023 - Listo para el orden del día de la Comisión de Comunicación (CCOM),"Fernanda Melchionna,  Sâmia Bomfim,  Glauber Braga Partido Socialismo y Libertad","Prevé la prohibición de aplicaciones, sitios web, herramientas y similares que utilicen la inteligencia artificial para crear imágenes pornográficas no autorizadas de rostros de mujeres, así como el establecimiento de medidas para prevenir y combatir la difusión de estas imágenes.",Generación de imágenes íntimas no consentidas,Régimen de responsbailidad,No aplica,No,No aplica,No,"Si, civiles",No cumple
Proyecto de ley,Brasil,PL 5938/2023,2023,Cámara de diputados,"Acumulado con el PL 759/2023 - A la espera del dictamen del ponente en la Comisión de Ciencia, Tecnología e Innovación (CCTI)",Lídice De Mata-Partido Socialista Brasileño,"Modifica la Ley 12.965, de 23 de abril de 2014, que establece principios, garantías, derechos y deberes para el uso de Internet en Brasil, para disponer que los proveedores de redes sociales adopten medidas para identificar y marcar contenidos realizados mediante inteligencia artificial.",Identificación de contenido generado por IA,Régimen de responsbailidad,No aplica,Si,Marco civil de Internet,Si,No,No aplica
Proyecto de ley,Brasil,PL 5359/2023,2023,Cámara de diputados,Acumulado con el PL 2394/2023 - Archivado,Erika Kokay-Partido de los trabajadores,"Modifica la Ley nº 8.069, de 13 de julio de 1990 - Estatuto del Niño y del Adolescente, para criminalizar la adulteración, edición o modificación de fotografías, vídeos o cualquier otra forma de representación visual por medio de Inteligencia Artificial, la adquisición y posesión de dicho material y otras conductas relacionadas con la pedofilia en Internet.",Protección de la niñez,No aplica,No aplica,Si,Estatuto de infancia y adolescencia,No,"Si, penales",No cumple
Proyecto de ley,Brasil,PL 5342/2023,2023,Cámara de diputados,"A la espera del dictamen del ponente en la Comisión de Constitución, Justicia y Ciudadanía (CCJC)",Marcelo Álvaro Antonio-Partido liberal,"Tipifica el delito de Fake Porn y agrega el artículo 218-D al Decreto-Ley 2.848, de 7 de diciembre de 1940 (Código Penal), para tipificar el delito de creación, difusión y venta no autorizada de imágenes de desnudez o imágenes sexuales generadas por software e inteligencia artificial (IA); cambia la naturaleza de la acción penal para los delitos contra la dignidad sexual a la acción pública incondicional; establece causales de agravación de la pena para estos delitos.",Generación de imágenes íntimas no consentidas,No aplica,No aplica,Si,Código penal,No,"Si, penales",No cumple
Proyecto de ley,Brasil,PL 759/2023,2023,Cámara de diputados,"A la espera del dictamen del ponente en la Comisión de Ciencia, Tecnología e Innovación (CCTI)",Unión Brasil,Regula los sistemas de Inteligencia Artificial y dicta otras disposiciones.,Marco general,No aplica,No aplica,No,No aplica,Si,No,No aplica
Proyecto de ley,Brasil,PL 2338/2023,2023,Senado,"Aprobado en Senado, pasa a Cámara",Rodrigo Pacheco-Partido socialdemócrata,"Esta ley establece normas nacionales generales para desarrollo, implementación y uso responsable de sistemas de inteligencia artificial (IA) en Brasil. sistemas de inteligencia artificial (IA) en Brasil, con el objetivo de proteger los derechos fundamentales y derechos y garantizar la implementación de sistemas seguros y confiables, en la persona humana, el régimen democrático y el desarrollo científico y tecnológico. desarrollo.",Marco general,Régimen de responsbailidad,No aplica,No,No aplica,No,"Si, civiles",No aplica
Proyecto de ley,Brasil,PL 1002/2023,2023,Cámara de diputados,Acumulado,Kim Kataguiri-Unión Brasil,Prevé la autenticación de los soportes digitales creados o modificados por Inteligencia Artificial (IA) y establece otras medidas.,Electoral,Generación de contenido falso,No aplica,Si,Ley electoral,No,Ambas,No cumple
Proyecto de ley,México,0842-2PO1-25,2025,Cámara de Diputados,Turno a comisión,Annia Gómez-PAN,"Incluir la definición de Inteligencia artificial generativa. Establecer que, se considerara como violencia digital y mediática el uso de la inteligencia artificial generativa para la creación, modificación, alteración, generar, adicionar y/o producir total o parcialmente imágenes, audios o vídeos reales o simulados de contenido íntimo sexual de una persona sin su consentimiento, sin su aprobación o sin su autorización y que le genere algún tipo de violencia tipificada en esta ley, en cualquier ámbito de su vida privada o en su imagen propia, y será sancionado de acuerdo a las disposiciones penales aplicables",Violencia digital,Generación de imágenes íntimas no consentidas,No aplica,Si,Ley general de acceso de las mujeres a una vida libre de violencia,No,No,No aplica
Proyecto de ley,México,0796-2PO1-25,2025,Cámara de Diputados,Turno a comisión,Martha Moya-PAN,Incluir dentro de las facultades del congreso la de dictar leyes en materia de inteligencia artificial,Otros,No aplica,No aplica,Si,Constitución Política,No,No,No aplica
Proyecto de ley,México,0934-2PO1-25,2025,Cámara de Diputados,Turno a comisión,Luis Quiroga-PVEM,"Incluir la definición de Inteligencia Artificial. Agregar en las atribuciones del Consejo Nacional de Humanidades, Ciencias y Tecnologías, la de promover el desarrollo, uso y aplicación de tecnologías de inteligencia artificial (IA) y la de elaborar, integrar, actualizar y aprobar un Marco Nacional Ético del uso y desarrollo de esta",Otros,No aplica,No aplica,Si,"Ley general en materia de humanidades, ciencias, tecnologías e innovación",No,No,No aplica
Proyecto de ley,México,0401-2PO1-25,2025,Cámara de Diputados,Turno a comisión,Merilyn Gómez-Morena,Agregar la Inteligencia Artificial como método para generar violencia contra las mujeres,Violencia digital,Generación de imágenes íntimas no consentidas,No aplica,Si,Código penal y Ley general de acceso de las mujeres a una vida libre de violencia,No,"Si, penales",No cumple
Proyecto de ley,México,0047-2PO1-25,2025,Cámara de Diputados,Turno a comisión,Lilia Aguilar-PT,"Agregar que comete el delito de violación a la intimidad sexual la utilización de técnicas, aplicaciones o programas de inteligencia artificial para la creación, manipulación y distribución de videos, audios, imágenes e impresiones con contenido intimo sexual de una persona sin su consentimiento, sin su aprobación, o sin su autorización",Generación de imágenes íntimas no consentidas,Violencia digital,No aplica,Si,Código penal,No,"Si, penales",No cumple
Proyecto de ley,México,0339-2PO1-25,2025,Cámara de Diputados,Turno a comisión,Ricardo Sóstenes-PT,"Incluir en las unidades e instituciones encargadas de la seguridad pública el uso de la Inteligencia Artificial, para la investigación, identificación y análisis de las actividades delictivas de la delincuencia organizada, la cual se utilizará de manera enunciativa más no limitativa, en los siguientes ámbitos como la recopilación de datos históricos, monitoreo y análisis en tiempo real de comunicaciones y redes financieras vinculadas a grupos criminales, sistemas de reconocimiento facial y biométrico, evaluación de riesgos en operaciones financieras sospechosas, automatización y optimización de procesos de investigación criminal, la identificación de modus operandi delictivos, creación de bases de datos interinstitucionales optimizadas con IA para mejorar la capacidad de respuesta y prevención",Seguridad,No aplica,No aplica,Si,Ley federal contra la delincuencia organizada,No,No,No aplica
Proyecto de ley,México,0213-2PO1-25,2025,Cámara de Diputados,Turno a comisión,Ricardo Monreal-Morena,Incluir dentro de las facultades del Congreso la palabra de “inteligencia artificial”,Otros,No aplica,No aplica,Si,Constitución Política,No,No,No aplica
Proyecto de ley,México,0262 2PO1-25,2025,Cámara de Diputados,Turno a comisión,Luis Enrique Miranda -Partido Revolucionario Institucional,"Agregar que se considera violencia digital a toda acción dolosa generada a partir del uso de Inteligencia Artificial, por la que se produzcan de manera total o parcial imágenes, videos o audios de contenido sexual íntimo para simular actos sexuales o contenidos pornográficos de una persona sin su consentimiento, su aprobación o su autorización, o bien que divulgue, comparta, distribuya o publique imágenes, videos o audios de contenido íntimo sexual que simulen actos sexuales o contenidos pornográficos de manera que hayan sido generados de manera total o parcial a partir del uso de Inteligencia Artificial.",Generación de imágenes íntimas no consentidas,Violencia digital,No aplica,Si,Ley General de Acceso de las Mujeres a una Vida Libre de Violencia,No,No,No aplica
Proyecto de ley,México,0161-2PO1-25,2025,Cámara de Diputados,Turno a comisión,Julieta Vences-Morena,"Considerar violencia política contra las mujeres; la generación y difusión de campañas difamatorias, la manipulación de información y la creación de cuentas falsas en redes sociales para suplantar identidades o engañar a la opinión pública, así como alterar y propagar imágenes o audios generados o modificados mediante inteligencia artificial, o emplear datos o declaraciones sacadas de contexto. Establecer que, el sicariato digital será reconocido como una forma de violencia digital, comprendiendo todas aquellas acciones ejecutadas directa o indirectamente que impliquen la creación de perfiles falsos en redes sociales, la difusión de campañas de desprestigio, la sustracción y manipulación de datos personales, o la usurpación de identidad de una mujer, con el objeto de calumniar, intimidar o generar temor, valiéndose de tecnologías de la información, plataformas digitales, redes sociales o inteligencia artificial.",Generación de contenido falso,Electoral,No aplica,Si,Ley General de Acceso de las Mujeres a una Vida Libre de Violencia,No,No,No cumple
Proyecto de ley,México,0027-1CP1-25,2025,Cámara de Diputados,Turno a comisión,Juan Carlos Irma-Morena,"Integrar dentro de un tipo penal, la hipótesis mediante la cual se manipule o altere, de manera digital la imagen de personas, mediante el uso de la inteligencia artificial u otras herramientas informáticas, abonara a que no haya impunidad en la comisión de delitos",Generación de imágenes íntimas no consentidas,No aplica,No aplica,Si,Código penal,No,"Si, penales",No cumple
Proyecto de ley,México,0458-1PO1-24,2024,Cámara de Diputados,Turno a comisión,Ana González-Partido Revolucionario Institucional,"Prevenir la violencia digital en las plataformas de Tecnologías de la Información y la Comunicación como aquellos recursos, herramientas, programas y plataformas de inteligencia artificial que se utilizan para crear, procesar, administrar, compartir y difundir la información.",Violencia digital,No aplica,No aplica,Si,Ley General de Acceso de las Mujeres a una Vida Libre de Violencia,No,No,No cumple
Proyecto de ley,México,0251-1PO1-24,2024,Cámara de Diputados,Turno a comisión,Margarita García-Partido del Trabajo,Regular el uso de la Inteligencia Artificial en materia de derechos de autor,Propiedad intelectual,No aplica,No aplica,Si,Ley Federal del Derecho de Autor,No,No,No aplica
Proyecto de ley,México,0018-1PO1-24,2024,Cámara de Diputados,Turno a comisión,Éctor Ramírez-Partido Acción Nacional,"Incluir un título denominado Inteligencia artificial aplicada a la salud, en el cual se defina la inteligencia artificial, los casos en los que podrá ser utilizada, definirá los mecanismos de evaluación y auditoría de los sistemas de inteligencia artificial.",Otros,No aplica,No aplica,Si,Ley General de Salud,No,No,No aplica
Proyecto de ley,México,0513-1PO1-24,2024,Cámara de Diputados,Turno a comisión,Armando Corona-Morena,"Crear un capítulo denominado “Creación y Distribución de Audios Falsos de Personas Famosas mediante Inteligencia Artificial”. Incorporar los conceptos de audios falsos y personalidades públicas. Determinar que queda prohibida la creación, manipulación, distribución y difusión de audios falsos de personalidades públicas, utilizando inteligencia artificial u otras tecnologías con el propósito de engañar, difamar o perjudicar",Generación de contenido falso,No aplica,No aplica,Si,Código Penal,No,"Si, penales",No cumple
Proyecto de ley,México,LXV/3SPO-119-3385/140948,2024,Senado,Sin info,Ricardo Monreal-Morena,Regular la inteligencia artificial,Marco general,Identificación de contenido generado por IA,Propiedad intelectual,No,No aplica,Si,,
Proyecto de ley,México,LXV/3SPO-87-3353/140653,2024,Senado,No aprobado,Ruth Alejandra López Hernández (MC),"Propone incluir en la legislación vigente, el concepto de “medios de falsificación digital” entendiéndose esta como la tecnología basada en inteligencia artificial y procesamiento digital utilizada para crear y alterar contenido audiovisual, imágenes, videos, sonidos, textos y noticias virtuales que aparentan ser verídicas pero cuyo contenido es falso. Adicionalmente, propone incluir el delito de violencia digital sexual, por lo que, aquella persona que, mediante el uso de tecnologías de la información y la comunicación, incluyendo el uso de medios de falsificación digital, genere, exponga, distribuya, difunda, exhiba, transmita, comercialice, oferte, intercambie o comparta imágenes, audios o videos reales o simulados, de contenido íntimo sexual de una persona, sin su consentimiento explícito o sin su autorización expresa, se propone que se sancione con una pena de tres a seis años de prisión y una multa de quinientas a mil Unidades de Medida y Actualización",Generación de imágenes íntimas no consentidas,Violencia digital,No aplica,Si,Código penal,No,"Si, civiles",Cumple
Proyecto de ley,México,LXV/3SPO-87-3353/140656,2023,Senado,Sin info,Sin info,"Propone incluir la definición de Inteligencia Artificial, refiriéndose a esta como los sistemas computacionales que se utilizan para simular procesos de aprendizaje, razonamiento y autocorrección mediante la programación de algoritmos. Por lo anterior, se propone incluir el uso de Tecnologías de la Información y Comunicación, así como de Inteligencia Artificial en delitos de violación a la intimidad sexual; violencia digital y cualquier otro que conlleve la acción de distribuir, difundir, exhibir, transmitir, comercializar, ofertar, intercambiar o compartir imágenes, audios o vídeos reales o simulados de contenido íntimo sexual de una persona sin su consentimiento, sin su aprobación o sin su autorización",Violencia digital,Generación de imágenes íntimas no consentidas,No aplica,Si,Código penal,No,"Si, penales",Cumple
Proyecto de ley,México,LXV/3PPO-61-3322/139613,2023,Senado,Sin info,Gustavo Madero-Partido Constitucional Porgresista,"Propone expedir la Ley que Regula el Uso de la Inteligencia Artificial, con el propósito de establecer limitantes y obligaciones al utilizarla para cualquier fin, así como las infracciones y sanciones a quien omita las normativa",Marco general,Régimen de responsbailidad,No aplica,No,No aplica,No,"Si, civiles",No cumple
Proyecto de ley,México,LXV/3PPO-58-3319/139476,2023,Senado,Sin info,César Arnulfo Cravioto Romero (MORENA),"Proyecto de decreto por el que se reforman y adicionan diversas disposiciones del Código Penal Federal. - Propone tipificar los delitos cometidos a través de inteligencia artificial como la manipulación o utilización de obras, imagen o voz de una persona sin su consentimiento a través de algoritmos y/o modelos matemáticos o informáticos. Estos delitos se perseguirán de oficio.",Generación de contenido falso,No aplica,No aplica,Si,Código penal,No,"Si, penales",No cumple
Proyecto de ley,México,LXV/3PPO-48-3309/138046,2023,Senado,Sin info,Gloria Elizabeth Núñez Sánchez (MC),"Proyecto de decreto por el que se reforman los artículos 199 Octies, 200 y 202 del Código Penal Federal - Propone que se incluyan en el catálogo de delitos sexuales los actos que figuren como suplantación de identidad con el propósito de difundir medios audiovisuales, imágenes o de audio de contenido explícito y no censurado de su cuerpo, alterando los datos biométricos de una persona, haciendo el uso de la inteligencia artificial.",Generación de imágenes íntimas no consentidas,Violencia digital,Protección de la niñez,Si,Código penal,No,"Si, penales",Cumple
Proyecto de ley,México,LXV/3PPO-48/139187,2023,Senado,Sin info,Jesús Lucía Trasviña Waldenrath,Proyecto de decreto por el que se reforman diversos artículos de la Ley Federal de Telecomunicaciones y Radiodifusión. - Propone establecer un mecanismo de vigilancia y supervisión de la inteligencia artificial (IA) utilizada en los servicios de telecomunicaciones en México,Marco general,No aplica,No aplica,Si,Ley de telecomunicaciones,No,No,No aplica
Proyecto de ley,México,LXV/3PPO-33-3294/138776,2023,Senado,Sin info,"Geovanna del Carmen Bañuelos de la Torre, Cora Cecilia Pinedo Alonso, Martha Cecilia Márquez Alvarado, Joel Padilla Peña (PT)","Proyecto de decreto por el que se adiciona el Capítulo III al Título Séptimo Bis denominado “Violación a la Intimidad Sexual mediante Inteligencia Artificial” del Código Penal Federal. - Propone tipificar la violación a la intimidad sexual mediante la inteligencia artificial, como las conductas que mediante inteligencia artificial generen, reproduzcan o alteren contenido digital de una persona para elaborar contenido pornográfico sin su consentimiento con el propósito de difundirlos u obtener algún beneficio, quien cometa estos delitos serán sujetos de una sanción que irá de 5 a 9 años de prisión y de 700 a 1, 000 días de multa. Las penas aumentaran si la víctima es menor de edad o no tiene la capacidad de entender el significado del hecho o es una persona que no tiene capacidad para resistir la conducta",Generación de imágenes íntimas no consentidas,Violencia digital,Protección de la niñez,Si,Código penal,No,"Si, penales",Cumple
Proyecto de ley,México,LXV/3PPO-33-3294/138703,2023,Senado,Sin info,Arturo Bours Griffith (MORENA),"Proyecto de decreto por el que se modifica el Titulo Noveno, adiciona un Capítulo III y adiciona diversos artículos del Código Penal Federal. - Propone tipificar diversas conductas que calificarán como delito de uso mal intencionado de la tecnología denominada inteligencia artificial, que serán penadas con 1 a 6 años de prisión y de 200 a 700 días de multa",Generación de contenido falso,Noticias falsas,No aplica,Si,Código penal,No,"Si, penales",No cumple
Proyecto de ley,México,0131-2CP2-23,2023,Cámara de Diputados,,Ignacio Loyola,Establecer los lineamientos de políticas públicas en los Estados Unidos Mexicanos para la regulación ética del uso de la inteligencia artificial y la robótica dentro del territorio nacional.,Marco general,No aplica,No aplica,No,No aplica,No,No,No aplica
Proyecto de ley,Bolivia,PL 178/24CS,2025,Senado,En comisión,Claudia Égüez- Partido Creemos,"PROYECTO DE LEY DE PROMOCIÓN, GESTIÓN Y USO DE LA INTELIGENCIA ARTIFICIAL",,,,,,No,,
Proyecto de ley,Chile,17618-19,2025,Senado,Primer trámite constitucional,Karim Bianchi,Regula la obligación de establecer un sello claro y rastreable del contenido generado con inteligencia artificial,Identificación de contenido generado por IA,No aplica,No aplica,No,No aplica,No,"Si, civiles",No cumple
Proyecto de ley,Chile,17307-07,2024,Senado,Primer trámite constitucional,Karim Bianchi,"Modifica el Código Penal, con el objeto de tipificar la generación y difusión de imágenes o hechos de carácter privado o íntimo, creados con herramientas de inteligencia artificial",Generación de imágenes íntimas no consentidas,Generación de contenido falso,No aplica,Si,Código penal,No,"Si, penales",No cumple
Proyecto de ley,Chile,17112-19,2024,Cámara de diputados,Primer trámite constitucional,Johannes Kaiser-Partido Nacional Libertario/ Tomás Lagomarsino-Independientes/ Cristóbal Urruticoechea-Partido Republicano,"Establece límites al desarrollo de la inteligencia artificial, en resguardo de los derechos humanos fundamentales",Régimen de responsbailidad,Marco general,No aplica,No,No aplica,No,No,No aplica
Proyecto de ley,Chile,16821-19,2024,Cámara de diputados,Primer trámite constitucional,"Ministerio Secretaría General de la Presidencia | Ministerio de Ciencia, Tecnología, C e I | Ministerio de Defensa Nacional | Ministerio de Desarrollo Social y Famili | Ministerio de Economía, Fomento y Turism | Ministerio de Educación | Ministerio de Hacienda | Ministerio de Justicia y de Derechos Humanos | Ministerio de Relaciones Exteriores | Ministerio de Transporte y Telecomunicaciones | Ministerio del Interior y Seg. Pública",Regula los sistemas de inteligencia artificial,Marco general,Régimen de responsbailidad,No aplica,No,No aplica,No,No,No cumple
Proyecto de ley,Chile,16387-19,2023,Cámara de diputados,Primer trámite constitucional,Jorge Alessandri | Marta Bravo | Juan Antonio Coloma | Eduardo Cornejo | Cristian Labbé | Daniel Lilayu (A) | Cristhian Moreira | Marlene Pérez | Natalia Romero | Flor Weisse,Permite el uso de inteligencia artificial en la evaluación de exámenes de mamografía,Otros,No aplica,No aplica,No,No aplica,No,No,No aplica
Proyecto de ley,Chile,16112-07,2023,Cámara de diputados,Primer trámite constitucional,Alejandro Bernales (A) | Viviana Delgado | Luis Malla | Vlado Mirosevic | Sebastián Videla,Modifica el Código Penal en lo relativo al delito de usurpación de identidad en el contexto de uso de inteligencia artificial,Generación de contenido falso,No aplica,No aplica,Si,No aplica,No,"Si, penales",No cumple
Proyecto de ley,Chile,16021-07,2023,Senado,Primer trámite constitucional,Luz Eliana Ebensperger | Rodrigo Galilea | Ximena Ordenes | Kenneth Pugh | Ximena Rincón,"Modifica el Código Penal, para incorporar, como circunstancia agravante de la responsabilidad, el uso de inteligencia artificial en la comisión de un delito",Otros,No aplica,No aplica,Si,Código penal,No,"Si, penales",No cumple
Proyecto de ley,Chile,15935-07,2023,Cámara de diputados,Primer trámite constitucional,Eric Aedo | Tomás Lagomarsino | Daniel Lilayu | Karen Medina | Erika Olivera | Rubén Dario Oyarzo (A) | Francisco Pulgar | Joanna Pérez | Gaspar Rivas,Modifica el Código Penal para sancionar el mal uso de la inteligencia artificial,Generación de contenido falso,No aplica,No aplica,Si,Código penal,No,"Si, penales",No cumple
Proyecto de ley,Chile,15869-19,2023,Cámara de diputados,Primer trámite constitucional,Eric Aedo | Tomás Lagomarsino (A) | Karen Medina | Cosme Mellado | Erika Olivera | Rubén Dario Oyarzo | Marisela Santibáñez | Nelson Venegas,"Regula los sistemas de inteligencia artificial, la robótica y las tecnologías conexas, en sus distintos ámbitos de aplicación",Marco general,Identificación de contenido generado por IA,No aplica,No,No aplica,Si,"Si, civiles",No aplica
Proyecto de ley,Chile,15884-15,2023,Cámara de Diputados,Moción,,"Modifica la ley N°18.168, General de Telecomunicaciones, para prevenir y sancionar el uso de aplicaciones y plataformas digitales en la comisión de delitos",Protección de la niñez,Otros,No aplica,Si,Ley General de Telecomunicaciones,Si,"Si, civiles",No cumple
Proyecto de ley,Colombia,442/2025,2025,Senado,PENDIENTE RENDIR PONENCIA PARA PRIMER DEBATE EN SENADO,Iniciativa gubernamental,"Promover la generación de conocimiento, el desarrollo de la infraestructura tecnológica y la implementación de la inteligencia artificial (IA) en Colombia, con un enfoque territorial, ético, inclusivo, responsable, sostenible, que fortalezca las capacidades científicas, productivas, institucionales y de innovación, y contribuya a la prevalencia de los derechos fundamentales",Marco general,No aplica,No aplica,No,No aplica,Si,"Si, civiles",No aplica
Proyecto de ley,Colombia,293/2024,2024,Senado,PENDIENTE DISCUTIR PONENCIA PARA PRIMER DEBATE EN SENADO,Julio Elías Vidal-Partido de la U,Establece lineamientos para el entreenamiento de modelos o sistemas de IA y se define la gestión colectiva obligatoria de algunas formas de uso de obras protegidas por derecho de autor,Propiedad intelectual,No aplica,No aplica,No,No aplica,No,"Si, civiles",No aplica
Proyecto de ley,Colombia,154/2024C,2024,Cámara de representantes,Archivado,Alirio Uribe Muñoz-Polo Democrático Alternativo/ Karyme Cotes-Partido Liberal,"Por la cual se define y regula la inteligencia artificial, se ajusta a estándares de derechos humanos, se establecen límites frente a su desarrollo, uso e implementación se modifica parcialmente la ley 1581 de 2012 y se dictan otras disposiciones",Marco general,Régimen de responsbailidad,Protección de datos personales,Si,Ley 1581 de 2012-protección de datos personales y Ley 1341 de 2009-Funciones MinTic,No,"Si, civiles",No aplica
Proyecto de ley,Colombia,005/2024C,2024,Cámara de representantes,Archivado,"Olga Velásquez, Gloria Rodríguez, Jaime Raúl Salamanca, Wilmer Castellanos Alianza Verde/ María del Mar Pizarro García-Colombia Humana","Establecer un marco regulatorio basado en principios generales que rijan la creación y utilización de la inteligencia artificial en Colombia, garantizando su desarrollo y aplicación de manera ética, segura, sostenible y equitativa, con un enfoque humanístico centrado en el bienestar de los ciudadanos en todas las etapas implementación, producción, distribución y consumo los contenidos digitales asociados con la inteligencia artificial.",Marco general,Régimen de responsbailidad,No aplica,No,No aplica,No,"Si, civiles",No cumple
Proyecto de ley,Colombia,255/2024,2024,Senado,Archivado,Guido Echeverry-Alianza Verde,"POR LA CUAL SE ESTABLECEN LINEAMIENTOS DE USO DE INTELIGENCIA ARTIFICIAL PARA MEJORAR LA EFICIENCIA EN DISMINUCIÓN DE SINIESTROS VIALES Y SUS COSTOS, AUTOMATIZANDO LOS PROCESOS DE ANÁLISIS Y CONTROL DE RIESGOS DE SINIESTRALIDAD VIAL EN TIEMPO REAL CON IA",Otros,No aplica,No aplica,No,No aplica,No,No,No aplica
Proyecto de ley,Colombia,200/2023C,2023,Cámara de representantes,Archivado,"Karyme Cotes, Alirio Uribe, María Eugenia Lopera ,Sandra Aristizábal, Carmen Ramírez , Gilma Díaz , Flora Perdomo, Dolcey Torres, Mónica Bocanegra , Jezmi Barraza ,Piedad Correal , Álvaro Rueda, Jhoany Palacios , Hugo Archila , Etna Argote ,Eduard Sarmiento , Pedro Súarez , Gabriel Becerra ,David Toro , Jorge Bastidas","POR MEDIO DE LA CUAL SE DEFINE Y REGULA LA INTELIGENCIA ARTIFICIAL, SE ESTABLECEN LÍMITES FRENTE A SU DESARROLLO, USO E IMPLEMENTACIÓN Y SE DICTAN OTRAS DISPOSICIONES",Marco general,No aplica,No aplica,No,No aplica,No,No,No aplica
Proyecto de ley,Colombia,091/2023,2023,Senado,Primer debate,Pedro Flórez-Polo Democrático Alternativo/ Sandra Ramírez-Comunes,Transparencia y el uso responsable de la Inteligencia Artificial,Marco general,No aplica,No aplica,No,No aplica,No,No,No aplica
Proyecto de ley,Colombia,130/2023,2023,Senado,Primer debate,Esteban Quintero-Centro Democrático,Garantizar la estabilidad laboral y la protección de los trabajadores ante la creciente automatización y digitalización de los procesos laborales,Otros,No aplica,No aplica,No,No aplica,No,No,No aplica
Proyecto de ley,Colombia,059/2023,2023,Senado,PENDIENTE DISCUTIR PONENCIA PARA SEGUNDO DEBATE EN SENADO,Guido Echeverry-Alianza Verde,"POR MEDIO DE LA CUAL SE ESTABLECEN LOS LINEAMIENTOS DE POLÍTICA PÚBLICA PARA EL DESARROLLO, USO E IMPLEMENTACIÓN DE INTELIGENCIA ARTIFICIAL Y SE DICTAN OTRAS DISPOSICIONES",Marco general,Protección de datos personales,No aplica,No,No aplica,No,No,No aplica
Proyecto de ley,Ecuador,458726,2024,Asamblea Nacional,En trámite,Pierina Correa-Movimiento Revolución Ciudadana,"Garantizar el uso seguro de internet, redes sociales, medios telemáticos de información y comunicación y/o cualquier plataforma digital para niñas, niños y adolescentes; y regular el desarrollo, la introducción en el mercado, la puesta en servicio y la utilización de sistemas de inteligencia artificial en relación con la niñez y adolescencia en el territorio nacional",Protección de la niñez,Protección de la niñez,No aplica,No,No aplica,Si,No,No cumple
Proyecto de ley,Ecuador,Cod. AN-2024-2990/453516,2024,Asamblea Nacional,En trámite (revisión comisión para primer debate),Karina del Carmen Dávalos-Alianza Actuemos,Fomento y desarrrollo de la IA,Marco general,No aplica,No aplica,No,No aplica,No,No,No aplica
Proyecto de ley,Ecuador,Cod. AN-2024-2928/450889,2024,Asamblea Nacional,En trámite (revisión comisión para primer debate),Silvia Ramos-Movimiento Revolución Ciudadana,Regulación y promoción de la IA,Marco general,Protección de datos personales,Propiedad intelectual,No,No aplica,Si,Ambas,Cumple
Ley,Perú,Ley 32314,2025,,Sancionada,,"MODIFICA LOS ARTÍCULOS 217, 218, 219, 220, 220-A, 220-B Y 220- C DEL DECRETO LEGISLATIVO N° 635, CÓDIGO PENAL, A FIN DE OPTIMIZAR LA PROTECCIÓN DE LOS DERECHOS DE PROPIEDAD INTELECTUAL ANTE LOS RIESGOS DE LA INTELIGENCIA ARTIFICIAL, Y EL ARTICULO 402 DEL A FIN DE OPTIMIZAR LA PREVENCIÓN DE LA VIOLENCIA CONTRA LA MUJER Y LOS INTEGRANTES DEL GRUPO FAMILIAR Y LOS DELITOS DE CORRUPCIÓN DE FUNCIONARIOS",Propiedad intelectual,Protección de la niñez,Generación de contenido falso,Si,Código penal,No,"Si, penales",No cumple
Proyecto de ley,Perú,11632/2024-CR,2025,Congreso,En comisión,Jhakeline Ugarte-Partido Politico Nacional Perú Libre,ESTABLECER EL USO DE LA INTELIGENCIA ARTIFICIAL (IA) PARA LA RECUPERACIÓN Y CONSERVACIÓN DEL CÓNDOR ANDINO (VULTUR GRYPHUS) Y LA PROTECCIÓN DE SU HÁBITAT NATURAL,Otros,No aplica,No aplica,No,No aplica,No,No,No aplica
Proyecto de ley,Perú,11459/2024-CR,2025,Congreso,En comisión,Isaac Mita-Perú Libre,"MODIFICAR LA LEY N° 31814 PARA FORTALECER LA SUPERVISIÓN, REGULACIÓN Y USO ÉTICO DE LA INTELIGENCIA ARTIFICIAL Y LAS TECNOLOGÍAS AVANZADAS. ESTAS MODIFICACIONES TIENEN COMO FINALIDAD GARANTIZAR EL RESPETO A LOS DERECHOS FUNDAMENTALES, PROTEGER LA PRIVACIDAD DE LOS CIUDADANOS, PROMOVER LA TRANSPARENCIA EN EL DESARROLLO DE ESTAS TECNOLOGÍAS Y ESTABLECER MEDIDAS EFICACES PARA PREVENIR SU USO INDEBIDO",Marco general,No aplica,No aplica,Si,Ley N° 31814  de inteligencia artificial,No,No,No aplica
Proyecto de ley,Perú,11436/2024-CR,2025,Congreso,En comisión,Jhakeline Ugarte-Partido Politico Nacional Perú Libre,"REGULAR LA IMPLEMENTACIÓN OBLIGATORIA DE MECANISMOS DE VERIFICACIÓN BIOMÉTRICA, BASADOS EN HUELLAS DACTILARES O TECNOLOGÍAS DE INTELIGENCIA ARTIFICIAL, EN LOS SIGUIENTES SISTEMAS: A) CAJEROS AUTOMÁTICOS DE ENTIDADES FINANCIERAS. B) PUNTOS DE ATENCIÓN EN VENTANILLAS DE ENTIDADES DEL SISTEMA FINANCIERO. C) TERMINALES P.O.S. (PUNTOS DE VENTA) EN ESTABLECIMIENTOS PÚBLICOS",Otros,No aplica,No aplica,No,No aplica,No,No,No aplica
Proyecto de ley,Perú,10525/2024-CR- LEY N° 32314,2025,Congreso,Aprobada-publicada,Idelso García-Alianza para el progreso,"MODIFICA LOS ARTÍCULOS 217, 218, 219, 220, 220-A, 220-B Y 220- C DEL DECRETO LEGISLATIVO N° 635, CÓDIGO PENAL, A FIN DE OPTIMIZAR LA PROTECCIÓN DE LOS DERECHOS DE PROPIEDAD INTELECTUAL ANTE LOS RIESGOS DE LA INTELIGENCIA ARTIFICIAL, Y EL ARTICULO 402 DEL A FIN DE OPTIMIZAR LA PREVENCIÓN DE LA VIOLENCIA CONTRA LA MUJER Y LOS INTEGRANTES DEL GRUPO FAMILIAR Y LOS DELITOS DE CORRUPCIÓN DE FUNCIONARIOS",Propiedad intelectual,Generación de contenido falso,No aplica,Si,Código penal,No,"Si, penales",No cumple
Proyecto de ley,Perú,10615/2024-CR,2025,Congreso,En comisión,Alfredo Pariona-Bancada Socialista,DECLARAR DE INTERÉS NACIONAL Y NECESIDAD PÚBLICA LA INTEGRACIÓN DE CONTENIDOS VINCULADOS A LA INTELIGENCIA ARTIFICIAL EN EL PLAN DE ESTUDIOS DE LA EDUCACIÓN BÁSICA REGULAR (EBR) DEL CURRÍCULO NACIONAL DE LA EDUCACIÓN BÁSICA,Educación,No aplica,No aplica,No,No aplica,No,No,No aplica
Proyecto de ley,Perú,10717/2024-CR,2025,Congreso,En comisión,Segundo Montalvo-Perú Libre,"DECLARAR DE INTERÉS NACIONAL Y NECESIDAD PÚBLICA LA INCORPORACIÓN DE LA PEDAGOGÍA EN INTELIGENCIA ARTIFICIAL (IA) EN LA EDUCACIÓN BÁSICA REGULAR EN LOS NIVELES DE PRIMARIA Y SECUNDARIA EN TODO EL TERRITORIO NACIONAL, PARA FOMENTAR SU IMPLEMENTACIÓN EN LAS ESTRATEGIAS DIDÁCTICAS, METODOLÓGICAS Y DE EVALUACIÓN",Educación,No aplica,No aplica,No,No aplica,No,No,No aplica
Proyecto de ley,Perú,10737/2024-CR,2025,Congreso,Retirado,Maria del Carmen Alva-Acción Popular,"MODIFICA LA LEY N° 31814 LEY QUE PROMUEVE EL USO DE LA INTELIGENCIA ARTIFICIAL EN FAVOR DEL DESARROLLO ECONÓMICO Y SOCIAL DEL PAÍS, CON EL FIN DE FORTALCER EL USO ÉTICO E INCLUSIVO DE LA INTELIGENCIA ARTIFICIAL",Marco general,No aplica,No aplica,No,No aplica,No,No,No aplica
Proyecto de ley,Perú,10756/2024-CR,2025,Congreso,En comisión,Alfredo Pariona-Bancada Socialista,"PROPONE MODIFICAR LOS ARTÍCULOS 46, 129-M, 196-A DEL CÓDIGO PENAL, DECRETO LEGISLATIVO 635, E INCORPORA EL NUMERAL 5 AL ARTÍCULO 11 DE LA LEY 30096, LEY DE DELITOS INFORMÁTICOS",Propiedad intelectual,Generación de contenido falso,No aplica,Si,No aplica,No,No,No cumple
Proyecto de ley,Perú,10924/2024-CR,2025,Congreso,En comisión,Margot Palacios-Perú Libre,"PROPONE INCORPORAR LA INTELIGENCIA ARTIFICIAL EN EL CURRÍCULO NACIONAL DE LA EDUCACIÓN BÁSICA REGULAR Y EN EL PLAN DE ESTUDIOS O PROGRAMA ACADÉMICO DE LA EDUCACIÓN SUPERIOR TÉCNICA Y UNIVERSITARIA EN TODAS SUS MODALIDADES, CON EL PROPÓSITO DE ASEGURAR UNA EDUCACIÓN INCLUSIVA, EQUITATIVA, ACCESIBLE Y DE ALTA CALIDAD PARA TODOS LOS ESTUDIANTES DEL PAÍS, PRIORIZANDO LA EQUIDAD EN EL ACCESO A LA TECNOLOGÍA, ESPECIALMENTE EN ÁREAS RURALES Y PERIURBANAS",Educación,No aplica,No aplica,No,No aplica,No,No,No aplica
Proyecto de ley,Perú,11026/2024-CR,2025,Congreso,En comisión,Luis Kamiche-Alianza para el progreso,"PROPONE PROMOVER LA UTILIZACIÓN DE SISTEMAS SEGUROS, PROTEGIDOS Y FIABLES DE INTELIGENCIA ARTIFICIAL, PARA CONTRIBUIR A ALCANZAR EL OBJETIVO DE DESARROLLO SOSTENIBLE N° 2: HAMBRE CERO, EN EL PERÚ",Otros,No aplica,No aplica,No,"Ley 31315, Ley de Seguridad Alimentaria y Nutricional",No,No,No aplica
Proyecto de ley,Perú,11232/2024-CR,2025,Congreso,En comisión,Waldemar Cerrón-Perú Libre,"PROPONE INCORPORAR LA INTELIGENCIA ARTIFICIAL (IA) EN EL CURRÍCULO NACIONAL DE LA EDUCACIÓN BÁSICA REGULAR EN TODAS SUS MODALIDADES, EN LOS NIVELES PRIMARIO, SECUNDARIO Y EN EL NIVEL SUPERIOR UNIVERSITARIO Y NO UNIVERSITARIO, CON EL FIN DE ASEGURAR UNA EDUCACIÓN INCLUSIVA, ACCESIBLE Y DE ALTA CALIDAD PARA TODOS LOS ESTUDIANTES DEL PAÍS",Educación,No aplica,No aplica,No,No aplica,No,No,No aplica
Proyecto de ley,Perú,11351/2024-CR,2025,Congreso,En comisión,Nilza Chacón-Fuerza Popular,"PROPONE PROMOVER EL USO DE LA INTELIGENCIA ARTIFICIAL EN LOS PROCESOS DE IDENTIFICACIÓN, CONTROL Y DEPURACIÓN DEL PADRÓN DE BENEFICIARIOS DE LOS PROGRAMAS SOCIALES QUE SON ADMINISTRADOS POR EL MINISTERIO DE DESARROLLO E INCLUSIÓN SOCIAL (MIDIS) A FIN DE DETECTAR DUPLICIDADES, INCOMPATIBILIDADES E IRREGULARIDADES, EN ARAS DE LA TRANSPARENCIA Y LA EFICIENCIA DEL GASTO SOCIAL",Otros,No aplica,No aplica,No,No aplica,No,No,No aplica
Proyecto de ley,Perú,10279/2024-CR,2025,Congreso,En comisión,María Acuña-Alianza para el Progreso,LEY QUE ESTABLECE LA MODIFICACIÓN DE LA LEY 30220 – LEY UNIVERSITARIA PARA LA MODERNIZACIÓN DEL DISEÑO CURRICULAR CON LA INCORPORACIÓN DE LA INTELIGENCIA ARTIFICIAL Y LAS TECNOLOGÍAS EMERGENTES,Educación,No aplica,No aplica,No,LEY 30220 – LEY UNIVERSITARIA,No,No,No aplica
Proyecto de ley,Perú,10219/2024-CR,2025,Congreso,En comisión,Jhakeline Ugarte-Partido Politico Nacional Perú Libre,LEY QUE ESTABLECE EL USO DE LA INTELIGENCIA ARTIFICIAL PARA LA PROTECCIÓN DE LA VICUÑA Y LA PREVENCIÓN DE SU CAZA FURTIVA,Otros,No aplica,No aplica,No,No aplica,No,No,No aplica
Proyecto de ley,Perú,08969/2024-CR,2024,Congreso,En comisión,Flavio Cruz-Partido Politico Nacional Perú Libre,Propone mejorar la eficiencia y seguridad del sistema financiero en el país mediante la implementación de la inteligencia artificial a nivel nacional priorizando la protección de los datos personales y derechos del consumidor,Protección de datos personales,Derecho del consumidor,No aplica,No,No aplica,No,No,No aplica
Proyecto de ley,Perú,08223/2023-CR,2024,Congreso,En comisión,Flavio Cruz-Partido Politico Nacional Perú Libre,"PROPONE REGULAR EL DESARROLLO, IMPLEMENTACIÓN Y USO DE LA INTELIGENCIA ARTIFICIAL (IA) EN EL PERÚ, PROMOVIENDO SU APROVECHAMIENTO ÉTICO, SEGURO Y RESPONSABLE, EN BENEFICIO DEL DESARROLLO ECONÓMICO Y SOCIAL, GARANTIZANDO EL RESPETO A LOS DERECHOS FUNDAMENTALES",Marco general,Protección de datos personales,No aplica,No,No aplica,No,"Si, civiles",No cumple
Proyecto de ley,Perú,07687/2023-CR,2024,Congreso,En comisión,Guido Bellido-Podemos Perú,"Se declara de necesidad pública e interés nacional la implementación de cámaras de videovigilancia con inteligencia artificial en el territorio nacional, como medida de lucha contra la inseguridad ciudadana, a efecto de prevenir, investigar y sancionar la comisión de faltas y delitos",Seguridad,No aplica,No aplica,No,No aplica,No,No,No cumple
Proyecto de ley,Perú,07651/2023-CR,2024,Congreso,En comisión,Cruz Maria Zeta-Fuerza Popular,PROPONE REGULAR EL USO DEL ALGORITMO Y TÉCNICAS DE INTELIGENCIA ARTIFICIAL PARA EL RECONOCIMIENTO EN TIEMPO REAL DE LAS PLACAS DE RODAJE DE MEDIOS DE TRANSPORTE QUE HAYAN SIDO REPORTADOS COMO ROBADOS Y PLACAS DE RODAJE QUE HAYAN SIDO ADULTERADOS,Otros,No aplica,No aplica,No,No aplica,No,No,No aplica
Proyecto de ley,Perú,07619/2023-CR,2024,Congreso,En comisión,Jorge Luis Flores-Acción Popular,"Establecer el marco legal para el fomento, desarrollo, uso, y regulación de la inteligencia artificial (IA) en la administración pública, promoviendo su uso ético, responsable, y eficiente para mejorar la calidad de los servicios públicos, asegurando la protección de datos, la privacidad, y los derechos fundamentales de los ciudadanos",Marco general,Protección de datos personales,No aplica,No,No aplica,No,No,No aplica
Proyecto de ley,Perú,07444/2023-CR,2024,Congreso,En comisión,Jorge Luis Flores-Acción Popular,"Establecer el marco legal para el fomento, desarrollo, uso, y regulación de la inteligencia artificial (IA) en la administración pública, promoviendo su uso ético, responsable, y eficiente para mejorar la calidad de los servicios públicos, asegurando la protección de datos, la privacidad, y los derechos fundamentales de los ciudadanos.",Marco general,Protección de datos personales,No aplica,No,No aplica,No,No,No aplica
Proyecto de ley,Perú,07072/2023-CR,2024,Congreso,En comisión,Cruz Maria Zeta-Fuerza Popular,PROPONE MODIFICAR EL CÓDIGO PENAL APROBADO POR EL DECRETO LEGISLATIVO Nº 635 SANCIONANDO EL USO INDEBIDO DE LAS DIVERSAS TECNOLOGÍAS DE INTELIGENCIA ARTIFICIAL PARA PROTEGER BIENES JURÍDICOS COMO LA LIBERTAD SEXUAL Y DERECHO AL HONOR.,Generación de contenido falso,Protección de la niñez,No aplica,Si,Código penal,No,"Si, penales",No cumple
Proyecto de ley,Perú,07033/2023-CR,2024,Congreso,En comisión,Carlos Zeballos-Acción Popular,"PROPONE ESTABLECER EL MARCO LEGAL PARA EL USO Y REGULACIÓN DE LA INTELIGENCIA ARTIFICIAL EN EL TERRITORIO NACIONAL, CON EL FIN DE GARANTIZAR LA PROTECCIÓN DE LOS DERECHOS FUNDAMENTALES, LA PRIVACIDAD Y LA SEGURIDAD DE LOS CIUDADANOS, FOMENTANDO LA TRANSPARENCIA, LA ÉTICA, INNOVACIÓN Y EL PROGRESO EN EL CAMPO DE LA INTELIGENCIA ARTIFICIAL EN BENEFICIO DE LOS CIUDADANOS PERUANOS Y EVITANDO RIESGOS Y CONSECUENCIAS NEGATIVAS",Marco general,Régimen de responsbailidad,Protección de datos personales,No,No aplica,No,"Si, civiles",No cumple
Proyecto de ley,Perú,06927/2023-CR,2024,Congreso,En comisión,Jhakeline Ugarte-Partido Politico Nacional Perú Libre,PROPONE ESTABLECER LA OBLIGACIÓN DE USO DE LA INTELIGENCIA ARTIFICIAL EN LAS ENTIDADES PÚBLICAS,Marco general,No aplica,No aplica,No,No aplica,No,No,No aplica
Ley,Perú,Ley 31814,2023,Congreso,Sancionada,,"La ley establece principios para el desarrollo y uso de la inteligencia artificial, como estándares de seguridad basados en riesgos, enfoque de pluralidad de participantes, gobernanza de internet, desarrollo ético y protección de la privacidad de la inteligencia artificial.",Marco general,No aplica,No aplica,No,No aplica,No,No,No aplica
Proyecto de ley,Perú,06573/2023-CR,2023,Congreso,En comisión,María del Carmen Alva-Acción Popular,LEY QUE INCORPORA COMO CIRCUNSTANCIA AGRAVANTE LA UTILIZACIÓN DE LA INTELIGENCIA ARTIFICIAL PARA LA COMISIÓN DE DELITOS,Generación de contenido falso,Propiedad intelectual,No aplica,Si,Código penal,No,"Si, penales",No cumple
Proyecto de ley,Perú,06524/2023-CR,2023,Congreso,En comisión,Esdras Medina-Renovación Popular,"PROPONE REGULAR Y PRECISAR EL ETIQUETADO DIGITAL EN SISTEMAS Y APLICACIONES ESPECÍFICAMENTE CUANDO SE EMPLEA INTELIGENCIA ARTIFICIAL Y EN EL PROCESO DE INTERACCIÓN, CREACIÓN Y DESARROLLO DE CONTENIDOS DIGITALES",Identificación de contenido generado por IA,No aplica,No aplica,No,No aplica,No,No,No aplica
Proyecto de ley,Perú,05959/2023-CR,2023,Congreso,En comisión,Paul Gutiérrez-Partido Politico Nacional Perú Libre,"PROPONE REGULAR EL EXPEDIENTE JUDICIAL ELECTRÓNICO (EJE) EN EL ÁMBITO DE LA ADMINISTRACIÓN DE JUSTICIA EN EL PERÚ, A FIN DE MODERNIZAR Y AGILIZAR LOS PROCEDIMIENTOS JUDICIALES DESARROLLANDO SOBRE LA BASE DEL SOFTWARE LIBRE, GARANTIZANDO EL ACCESO A LA JUSTICIA DE MANERA EFICIENTE Y TRANSPARENTE A LA CIUDADANÍA",Marco general,No aplica,No aplica,No,No aplica,No,No,No aplica
Proyecto de ley,Perú,05814/2023-CR,2023,Congreso,En comisión,Jhakeline Ugarte-Partido Politico Nacional Perú Libre,PROPONE LEY DE REFORMA CONSTITUCIONAL QUE ESTABLECE EL USO DE LA INTELIGENCIA ARTIFICIAL COMO UNA DE LAS ATRIBUCIONES DEL MINISTERIO PÚBLICO,Seguridad,No aplica,No aplica,Si,Constitución Política,No,No,No aplica
Proyecto de ley,Perú,05763/2023-CR,2023,Congreso,En comisión,Jhakeline Ugarte-Partido Politico Nacional Perú Libre,PROPONE LEY DE REFORMA CONSTITUCIONAL QUE ESTABLECE EL USO DE LA INTELIGENCIA ARTIFICIAL COMO UNO DE LOS PRINCIPIOS DE LA ADMINISTRACIÓN DE JUSTICIA,Otros,No aplica,No aplica,Si,Constitución Política,No,No,No aplica
Proyecto de ley,Perú,05183/2022-CR,2023,Congreso,En comisión,Flavio Cruz-Partido Politico Nacional Perú Libre,"FOMENTAR EL USO DE LA INTELIGENCIA ARTIFICIAL EN LA MEJORA DE LA SEGURIDAD CIUDADANA EN EL PERÚ, LA TÉCNICA DE INTELIGENCIA ARTIFICIAL ES UNA HERRAMIENTA PARA PREVENIR, INVESTIGAR Y SANCIONAR FALTAS O DELITOS, EVITANDO EL RIESGO DE LA VIDA HUMANA",Seguridad,No aplica,No aplica,No,No aplica,No,No,No aplica
Proyecto de ley,Perú,05182/2022-CR,2023,Congreso,En comisión,Flavio Cruz-Partido Politico Nacional Perú Libre,"PROPONE MEJORAR LA EFICIENCIA Y SEGURIDAD DEL SISTEMA DE TRANSPORTE EN EL PAÍS A TRAVÉS DE LA IMPLEMENTACIÓN DE TECNOLOGÍAS AVANZADAS, COMO ES LA INTELIGENCIA ARTIFICIAL",Otros,No aplica,No aplica,No,No aplica,No,No,No aplica
Proyecto de ley,Paraguay,D-2584139,2025,Cámara de diputados,Primer trámite constitucional,María Abed de Zacarías. Rodrigo Gamarra-ANR,PROMUEVE EL USO DE LA INTELIGENCIA ARTIFICIAL EN FAVOR DEL DESARROLLO ECONÓMICO Y SOCIAL DEL PAÍS,Marco general,No aplica,No aplica,No,No aplica,No,No,No aplica
Proyecto de ley,Paraguay,S-2502197,2025,Senado,Primer trámite constitucional,Natalicio Chase Acosta-ANR,"REGULA Y PROMUEVE LA CREACIÓN, DESARROLLO, INNOVACIÓN E IMPLEMENTACIÓN DE SISTEMAS DE INTELIGENCIA ARTIFICIAL (IA)",Marco general,Régimen de responsbailidad,No aplica,No,No aplica,No,"Si, civiles",No cumple
Proyecto de ley,Costa Rica,24875,2025,Asamblea legislativa,En comisión,Vanessa De Paul Castro-Partido Unidad Social Cristiana,Regular la IA en los procesos electorales,Electoral,Identificación de contenido generado por IA,No aplica,Si,Código electoral,No,"Si, civiles",No cumple
Proyecto de ley,Costa Rica,24484,2024,Asamblea legislativa,En comisión,Johana Obando-Partido Liberal Progresista,Regular la implementación de sistemas de IA,Marco general,Generación de contenido falso,Propiedad intelectual,No,No aplica,No,No,No cumple
Proyecto de ley,Costa Rica,23771,2023,Asamblea legislativa,Plenario,Vanessa De Paul Castro-Partido Unidad Social Cristiana,"Regular el desarrollo, la implementación y el uso de la inteligencia artificial en Costa Rica, en concordancia con los principios y derechos establecidos en la Constitución Política de 1949 y los tratados internacionales de los que Costa Rica sea parte. La presente ley se centra en la protección y promoción de la dignidad, los derechos humanos y el bienestar de la persona humana.",Marco general,No aplica,No aplica,No,No aplica,No,"Si, civiles",No cumple
Proyecto de ley,Costa Rica,23919,2023,Asamblea legislativa,Plenario,Oscar Izquierdo-Partido Liberación Nacional,"Promoción del uso, la investigación, diseño, desarrollo, despliegue, utilización, implementación y aplicación de la Inteligencia Artificial, en adelante ""(IA)"" en Costa Rica, de conformidad con los principios de la ética, responsabilidad, dignidad humana, igualdad, equidad y la transparencia, a efectos de tutelar los derechos de las personas, ante el nuevo cambio tecnológico y contribuir al mejoramiento de las condiciones, sociales, laborales, económicas, ambientales, productivas y humanas del país.",Marco general,No aplica,No aplica,No,No aplica,No,"Si, civiles",No aplica
